,threshold,f1_score
0,0.0,0.22714681440443213
1,0.001,0.7714285714285715
2,0.002,0.676923076923077
3,0.003,0.6349206349206349
4,0.004,0.5901639344262295
5,0.005,0.576271186440678
6,0.006,0.576271186440678
7,0.007,0.576271186440678
8,0.008,0.5517241379310345
9,0.009000000000000001,0.5357142857142857
10,0.01,0.509090909090909
11,0.011,0.509090909090909
12,0.012,0.509090909090909
13,0.013000000000000001,0.509090909090909
14,0.014,0.509090909090909
15,0.015,0.48148148148148145
16,0.016,0.48148148148148145
17,0.017,0.48148148148148145
18,0.018000000000000002,0.48148148148148145
19,0.019,0.48148148148148145
20,0.02,0.4528301886792453
21,0.021,0.4230769230769231
22,0.022,0.4230769230769231
23,0.023,0.4230769230769231
24,0.024,0.4230769230769231
25,0.025,0.39215686274509803
26,0.026000000000000002,0.39215686274509803
27,0.027,0.39215686274509803
28,0.028,0.39215686274509803
29,0.029,0.39215686274509803
30,0.03,0.39215686274509803
31,0.031,0.39215686274509803
32,0.032,0.39215686274509803
33,0.033,0.39215686274509803
34,0.034,0.36
35,0.035,0.32653061224489793
36,0.036000000000000004,0.32653061224489793
37,0.037,0.32653061224489793
38,0.038,0.32653061224489793
39,0.039,0.2916666666666667
40,0.04,0.2916666666666667
41,0.041,0.2916666666666667
42,0.042,0.2916666666666667
43,0.043000000000000003,0.2916666666666667
44,0.044,0.2916666666666667
45,0.045,0.2916666666666667
46,0.046,0.2916666666666667
47,0.047,0.2916666666666667
48,0.048,0.2553191489361702
49,0.049,0.2553191489361702
50,0.05,0.2553191489361702
51,0.051000000000000004,0.2553191489361702
52,0.052000000000000005,0.2553191489361702
53,0.053,0.2553191489361702
54,0.054,0.2553191489361702
55,0.055,0.2553191489361702
56,0.056,0.2553191489361702
57,0.057,0.2553191489361702
58,0.058,0.2553191489361702
59,0.059000000000000004,0.2553191489361702
60,0.06,0.2553191489361702
61,0.061,0.2553191489361702
62,0.062,0.2553191489361702
63,0.063,0.2553191489361702
64,0.064,0.2553191489361702
65,0.065,0.2553191489361702
66,0.066,0.2553191489361702
67,0.067,0.2553191489361702
68,0.068,0.2553191489361702
69,0.069,0.2553191489361702
70,0.07,0.2553191489361702
71,0.07100000000000001,0.2553191489361702
72,0.07200000000000001,0.2553191489361702
73,0.073,0.2553191489361702
74,0.074,0.2553191489361702
75,0.075,0.2553191489361702
76,0.076,0.2553191489361702
77,0.077,0.2553191489361702
78,0.078,0.2553191489361702
79,0.079,0.2553191489361702
80,0.08,0.21739130434782608
81,0.081,0.21739130434782608
82,0.082,0.21739130434782608
83,0.083,0.21739130434782608
84,0.084,0.21739130434782608
85,0.085,0.21739130434782608
86,0.08600000000000001,0.21739130434782608
87,0.08700000000000001,0.21739130434782608
88,0.088,0.21739130434782608
89,0.089,0.21739130434782608
90,0.09,0.21739130434782608
91,0.091,0.17777777777777778
92,0.092,0.17777777777777778
93,0.093,0.17777777777777778
94,0.094,0.17777777777777778
95,0.095,0.17777777777777778
96,0.096,0.17777777777777778
97,0.097,0.17777777777777778
98,0.098,0.17777777777777778
99,0.099,0.17777777777777778
100,0.1,0.17777777777777778
101,0.101,0.17777777777777778
102,0.10200000000000001,0.17777777777777778
103,0.10300000000000001,0.17777777777777778
104,0.10400000000000001,0.17777777777777778
105,0.105,0.17777777777777778
106,0.106,0.17777777777777778
107,0.107,0.17777777777777778
108,0.108,0.17777777777777778
109,0.109,0.17777777777777778
110,0.11,0.17777777777777778
111,0.111,0.17777777777777778
112,0.112,0.17777777777777778
113,0.113,0.17777777777777778
114,0.114,0.17777777777777778
115,0.115,0.17777777777777778
116,0.116,0.17777777777777778
117,0.117,0.17777777777777778
118,0.11800000000000001,0.13636363636363635
119,0.11900000000000001,0.13636363636363635
120,0.12,0.13636363636363635
121,0.121,0.13636363636363635
122,0.122,0.13636363636363635
123,0.123,0.13636363636363635
124,0.124,0.13636363636363635
125,0.125,0.13636363636363635
126,0.126,0.13636363636363635
127,0.127,0.13636363636363635
128,0.128,0.13636363636363635
129,0.129,0.13636363636363635
130,0.13,0.13636363636363635
131,0.131,0.13636363636363635
132,0.132,0.13636363636363635
133,0.133,0.13636363636363635
134,0.134,0.13636363636363635
135,0.135,0.13636363636363635
136,0.136,0.13636363636363635
137,0.137,0.13636363636363635
138,0.138,0.13636363636363635
139,0.139,0.13636363636363635
140,0.14,0.13636363636363635
141,0.14100000000000001,0.13636363636363635
142,0.14200000000000002,0.13636363636363635
143,0.14300000000000002,0.13636363636363635
144,0.14400000000000002,0.13636363636363635
145,0.145,0.13636363636363635
146,0.146,0.09302325581395349
147,0.147,0.09302325581395349
148,0.148,0.09302325581395349
149,0.149,0.09302325581395349
150,0.15,0.09302325581395349
151,0.151,0.09302325581395349
152,0.152,0.09302325581395349
153,0.153,0.09302325581395349
154,0.154,0.09302325581395349
155,0.155,0.09302325581395349
156,0.156,0.09302325581395349
157,0.157,0.09302325581395349
158,0.158,0.09302325581395349
159,0.159,0.09302325581395349
160,0.16,0.09302325581395349
161,0.161,0.09302325581395349
162,0.162,0.09302325581395349
163,0.163,0.09302325581395349
164,0.164,0.09302325581395349
165,0.165,0.09302325581395349
166,0.166,0.09302325581395349
167,0.167,0.09302325581395349
168,0.168,0.09302325581395349
169,0.169,0.09302325581395349
170,0.17,0.09302325581395349
171,0.171,0.09302325581395349
172,0.17200000000000001,0.09302325581395349
173,0.17300000000000001,0.09302325581395349
174,0.17400000000000002,0.09302325581395349
175,0.17500000000000002,0.09302325581395349
176,0.176,0.09302325581395349
177,0.177,0.09302325581395349
178,0.178,0.09302325581395349
179,0.179,0.09302325581395349
180,0.18,0.09302325581395349
181,0.181,0.09302325581395349
182,0.182,0.09302325581395349
183,0.183,0.09302325581395349
184,0.184,0.09302325581395349
185,0.185,0.09302325581395349
186,0.186,0.09302325581395349
187,0.187,0.09302325581395349
188,0.188,0.09302325581395349
189,0.189,0.09302325581395349
190,0.19,0.09302325581395349
191,0.191,0.09302325581395349
192,0.192,0.09302325581395349
193,0.193,0.09302325581395349
194,0.194,0.09302325581395349
195,0.195,0.09302325581395349
196,0.196,0.047619047619047616
197,0.197,0.047619047619047616
198,0.198,0.047619047619047616
199,0.199,0.047619047619047616
200,0.2,0.047619047619047616
201,0.201,0.047619047619047616
202,0.202,0.047619047619047616
203,0.203,0.047619047619047616
204,0.20400000000000001,0.047619047619047616
205,0.20500000000000002,0.047619047619047616
206,0.20600000000000002,0.047619047619047616
207,0.20700000000000002,0.047619047619047616
208,0.20800000000000002,0.047619047619047616
209,0.209,0.047619047619047616
210,0.21,0.047619047619047616
211,0.211,0.047619047619047616
212,0.212,0.047619047619047616
213,0.213,0.047619047619047616
214,0.214,0.047619047619047616
215,0.215,0.047619047619047616
216,0.216,0.047619047619047616
217,0.217,0.047619047619047616
218,0.218,0.047619047619047616
219,0.219,0.047619047619047616
220,0.22,0.047619047619047616
221,0.221,0.047619047619047616
222,0.222,0.047619047619047616
223,0.223,0.047619047619047616
224,0.224,0.047619047619047616
225,0.225,0.047619047619047616
226,0.226,0.047619047619047616
227,0.227,0.047619047619047616
228,0.228,0.047619047619047616
229,0.229,0.047619047619047616
230,0.23,0.047619047619047616
231,0.231,0.047619047619047616
232,0.232,0.047619047619047616
233,0.233,0.047619047619047616
234,0.234,0.047619047619047616
235,0.23500000000000001,0.047619047619047616
236,0.23600000000000002,0.047619047619047616
237,0.23700000000000002,0.047619047619047616
238,0.23800000000000002,0.047619047619047616
239,0.23900000000000002,0.047619047619047616
240,0.24,0.047619047619047616
241,0.241,0.047619047619047616
242,0.242,0.047619047619047616
243,0.243,0.047619047619047616
244,0.244,0.047619047619047616
245,0.245,0.047619047619047616
246,0.246,0.047619047619047616
247,0.247,0.047619047619047616
248,0.248,0.047619047619047616
249,0.249,0.047619047619047616
250,0.25,0.047619047619047616
251,0.251,0.047619047619047616
252,0.252,0.047619047619047616
253,0.253,0.047619047619047616
254,0.254,0.047619047619047616
255,0.255,0.047619047619047616
256,0.256,0.047619047619047616
257,0.257,0.047619047619047616
258,0.258,0.047619047619047616
259,0.259,0.047619047619047616
260,0.26,0.047619047619047616
261,0.261,0.047619047619047616
262,0.262,0.047619047619047616
263,0.263,0.047619047619047616
264,0.264,0.0
265,0.265,0.0
266,0.266,0.0
267,0.267,0.0
268,0.268,0.0
269,0.269,0.0
270,0.27,0.0
271,0.271,0.0
272,0.272,0.0
273,0.273,0.0
274,0.274,0.0
275,0.275,0.0
276,0.276,0.0
277,0.277,0.0
278,0.278,0.0
279,0.279,0.0
280,0.28,0.0
281,0.281,0.0
282,0.28200000000000003,0.0
283,0.28300000000000003,0.0
284,0.28400000000000003,0.0
285,0.28500000000000003,0.0
286,0.28600000000000003,0.0
287,0.28700000000000003,0.0
288,0.28800000000000003,0.0
289,0.289,0.0
290,0.29,0.0
291,0.291,0.0
292,0.292,0.0
293,0.293,0.0
294,0.294,0.0
295,0.295,0.0
296,0.296,0.0
297,0.297,0.0
298,0.298,0.0
299,0.299,0.0
300,0.3,0.0
301,0.301,0.0
302,0.302,0.0
303,0.303,0.0
304,0.304,0.0
305,0.305,0.0
306,0.306,0.0
307,0.307,0.0
308,0.308,0.0
309,0.309,0.0
310,0.31,0.0
311,0.311,0.0
312,0.312,0.0
313,0.313,0.0
314,0.314,0.0
315,0.315,0.0
316,0.316,0.0
317,0.317,0.0
318,0.318,0.0
319,0.319,0.0
320,0.32,0.0
321,0.321,0.0
322,0.322,0.0
323,0.323,0.0
324,0.324,0.0
325,0.325,0.0
326,0.326,0.0
327,0.327,0.0
328,0.328,0.0
329,0.329,0.0
330,0.33,0.0
331,0.331,0.0
332,0.332,0.0
333,0.333,0.0
334,0.334,0.0
335,0.335,0.0
336,0.336,0.0
337,0.337,0.0
338,0.338,0.0
339,0.339,0.0
340,0.34,0.0
341,0.341,0.0
342,0.342,0.0
343,0.343,0.0
344,0.34400000000000003,0.0
345,0.34500000000000003,0.0
346,0.34600000000000003,0.0
347,0.34700000000000003,0.0
348,0.34800000000000003,0.0
349,0.34900000000000003,0.0
350,0.35000000000000003,0.0
351,0.35100000000000003,0.0
352,0.352,0.0
353,0.353,0.0
354,0.354,0.0
355,0.355,0.0
356,0.356,0.0
357,0.357,0.0
358,0.358,0.0
359,0.359,0.0
360,0.36,0.0
361,0.361,0.0
362,0.362,0.0
363,0.363,0.0
364,0.364,0.0
365,0.365,0.0
366,0.366,0.0
367,0.367,0.0
368,0.368,0.0
369,0.369,0.0
370,0.37,0.0
371,0.371,0.0
372,0.372,0.0
373,0.373,0.0
374,0.374,0.0
375,0.375,0.0
376,0.376,0.0
377,0.377,0.0
378,0.378,0.0
379,0.379,0.0
380,0.38,0.0
381,0.381,0.0
382,0.382,0.0
383,0.383,0.0
384,0.384,0.0
385,0.385,0.0
386,0.386,0.0
387,0.387,0.0
388,0.388,0.0
389,0.389,0.0
390,0.39,0.0
391,0.391,0.0
392,0.392,0.0
393,0.393,0.0
394,0.394,0.0
395,0.395,0.0
396,0.396,0.0
397,0.397,0.0
398,0.398,0.0
399,0.399,0.0
400,0.4,0.0
401,0.401,0.0
402,0.402,0.0
403,0.403,0.0
404,0.404,0.0
405,0.405,0.0
406,0.406,0.0
407,0.40700000000000003,0.0
408,0.40800000000000003,0.0
409,0.40900000000000003,0.0
410,0.41000000000000003,0.0
411,0.41100000000000003,0.0
412,0.41200000000000003,0.0
413,0.41300000000000003,0.0
414,0.41400000000000003,0.0
415,0.41500000000000004,0.0
416,0.41600000000000004,0.0
417,0.417,0.0
418,0.418,0.0
419,0.419,0.0
420,0.42,0.0
421,0.421,0.0
422,0.422,0.0
423,0.423,0.0
424,0.424,0.0
425,0.425,0.0
426,0.426,0.0
427,0.427,0.0
428,0.428,0.0
429,0.429,0.0
430,0.43,0.0
431,0.431,0.0
432,0.432,0.0
433,0.433,0.0
434,0.434,0.0
435,0.435,0.0
436,0.436,0.0
437,0.437,0.0
438,0.438,0.0
439,0.439,0.0
440,0.44,0.0
441,0.441,0.0
442,0.442,0.0
443,0.443,0.0
444,0.444,0.0
445,0.445,0.0
446,0.446,0.0
447,0.447,0.0
448,0.448,0.0
449,0.449,0.0
450,0.45,0.0
451,0.451,0.0
452,0.452,0.0
453,0.453,0.0
454,0.454,0.0
455,0.455,0.0
456,0.456,0.0
457,0.457,0.0
458,0.458,0.0
459,0.459,0.0
460,0.46,0.0
461,0.461,0.0
462,0.462,0.0
463,0.463,0.0
464,0.464,0.0
465,0.465,0.0
466,0.466,0.0
467,0.467,0.0
468,0.468,0.0
469,0.46900000000000003,0.0
470,0.47000000000000003,0.0
471,0.47100000000000003,0.0
472,0.47200000000000003,0.0
473,0.47300000000000003,0.0
474,0.47400000000000003,0.0
475,0.47500000000000003,0.0
476,0.47600000000000003,0.0
477,0.47700000000000004,0.0
478,0.47800000000000004,0.0
479,0.47900000000000004,0.0
480,0.48,0.0
481,0.481,0.0
482,0.482,0.0
483,0.483,0.0
484,0.484,0.0
485,0.485,0.0
486,0.486,0.0
487,0.487,0.0
488,0.488,0.0
489,0.489,0.0
490,0.49,0.0
491,0.491,0.0
492,0.492,0.0
493,0.493,0.0
494,0.494,0.0
495,0.495,0.0
496,0.496,0.0
497,0.497,0.0
498,0.498,0.0
499,0.499,0.0
500,0.5,0.0
501,0.501,0.0
502,0.502,0.0
503,0.503,0.0
504,0.504,0.0
505,0.505,0.0
506,0.506,0.0
507,0.507,0.0
508,0.508,0.0
509,0.509,0.0
510,0.51,0.0
511,0.511,0.0
512,0.512,0.0
513,0.513,0.0
514,0.514,0.0
515,0.515,0.0
516,0.516,0.0
517,0.517,0.0
518,0.518,0.0
519,0.519,0.0
520,0.52,0.0
521,0.521,0.0
522,0.522,0.0
523,0.523,0.0
524,0.524,0.0
525,0.525,0.0
526,0.526,0.0
527,0.527,0.0
528,0.528,0.0
529,0.529,0.0
530,0.53,0.0
531,0.531,0.0
532,0.532,0.0
533,0.533,0.0
534,0.534,0.0
535,0.535,0.0
536,0.536,0.0
537,0.537,0.0
538,0.538,0.0
539,0.539,0.0
540,0.54,0.0
541,0.541,0.0
542,0.542,0.0
543,0.543,0.0
544,0.544,0.0
545,0.545,0.0
546,0.546,0.0
547,0.547,0.0
548,0.548,0.0
549,0.549,0.0
550,0.55,0.0
551,0.551,0.0
552,0.552,0.0
553,0.553,0.0
554,0.554,0.0
555,0.555,0.0
556,0.556,0.0
557,0.557,0.0
558,0.558,0.0
559,0.559,0.0
560,0.56,0.0
561,0.561,0.0
562,0.562,0.0
563,0.5630000000000001,0.0
564,0.5640000000000001,0.0
565,0.5650000000000001,0.0
566,0.5660000000000001,0.0
567,0.5670000000000001,0.0
568,0.5680000000000001,0.0
569,0.5690000000000001,0.0
570,0.5700000000000001,0.0
571,0.5710000000000001,0.0
572,0.5720000000000001,0.0
573,0.5730000000000001,0.0
574,0.5740000000000001,0.0
575,0.5750000000000001,0.0
576,0.5760000000000001,0.0
577,0.577,0.0
578,0.578,0.0
579,0.579,0.0
580,0.58,0.0
581,0.581,0.0
582,0.582,0.0
583,0.583,0.0
584,0.584,0.0
585,0.585,0.0
586,0.586,0.0
587,0.587,0.0
588,0.588,0.0
589,0.589,0.0
590,0.59,0.0
591,0.591,0.0
592,0.592,0.0
593,0.593,0.0
594,0.594,0.0
595,0.595,0.0
596,0.596,0.0
597,0.597,0.0
598,0.598,0.0
599,0.599,0.0
600,0.6,0.0
601,0.601,0.0
602,0.602,0.0
603,0.603,0.0
604,0.604,0.0
605,0.605,0.0
606,0.606,0.0
607,0.607,0.0
608,0.608,0.0
609,0.609,0.0
610,0.61,0.0
611,0.611,0.0
612,0.612,0.0
613,0.613,0.0
614,0.614,0.0
615,0.615,0.0
616,0.616,0.0
617,0.617,0.0
618,0.618,0.0
619,0.619,0.0
620,0.62,0.0
621,0.621,0.0
622,0.622,0.0
623,0.623,0.0
624,0.624,0.0
625,0.625,0.0
626,0.626,0.0
627,0.627,0.0
628,0.628,0.0
629,0.629,0.0
630,0.63,0.0
631,0.631,0.0
632,0.632,0.0
633,0.633,0.0
634,0.634,0.0
635,0.635,0.0
636,0.636,0.0
637,0.637,0.0
638,0.638,0.0
639,0.639,0.0
640,0.64,0.0
641,0.641,0.0
642,0.642,0.0
643,0.643,0.0
644,0.644,0.0
645,0.645,0.0
646,0.646,0.0
647,0.647,0.0
648,0.648,0.0
649,0.649,0.0
650,0.65,0.0
651,0.651,0.0
652,0.652,0.0
653,0.653,0.0
654,0.654,0.0
655,0.655,0.0
656,0.656,0.0
657,0.657,0.0
658,0.658,0.0
659,0.659,0.0
660,0.66,0.0
661,0.661,0.0
662,0.662,0.0
663,0.663,0.0
664,0.664,0.0
665,0.665,0.0
666,0.666,0.0
667,0.667,0.0
668,0.668,0.0
669,0.669,0.0
670,0.67,0.0
671,0.671,0.0
672,0.672,0.0
673,0.673,0.0
674,0.674,0.0
675,0.675,0.0
676,0.676,0.0
677,0.677,0.0
678,0.678,0.0
679,0.679,0.0
680,0.68,0.0
681,0.681,0.0
682,0.682,0.0
683,0.683,0.0
684,0.684,0.0
685,0.685,0.0
686,0.686,0.0
687,0.687,0.0
688,0.6880000000000001,0.0
689,0.6890000000000001,0.0
690,0.6900000000000001,0.0
691,0.6910000000000001,0.0
692,0.6920000000000001,0.0
693,0.6930000000000001,0.0
694,0.6940000000000001,0.0
695,0.6950000000000001,0.0
696,0.6960000000000001,0.0
697,0.6970000000000001,0.0
698,0.6980000000000001,0.0
699,0.6990000000000001,0.0
700,0.7000000000000001,0.0
701,0.7010000000000001,0.0
702,0.7020000000000001,0.0
703,0.7030000000000001,0.0
704,0.704,0.0
705,0.705,0.0
706,0.706,0.0
707,0.707,0.0
708,0.708,0.0
709,0.709,0.0
710,0.71,0.0
711,0.711,0.0
712,0.712,0.0
713,0.713,0.0
714,0.714,0.0
715,0.715,0.0
716,0.716,0.0
717,0.717,0.0
718,0.718,0.0
719,0.719,0.0
720,0.72,0.0
721,0.721,0.0
722,0.722,0.0
723,0.723,0.0
724,0.724,0.0
725,0.725,0.0
726,0.726,0.0
727,0.727,0.0
728,0.728,0.0
729,0.729,0.0
730,0.73,0.0
731,0.731,0.0
732,0.732,0.0
733,0.733,0.0
734,0.734,0.0
735,0.735,0.0
736,0.736,0.0
737,0.737,0.0
738,0.738,0.0
739,0.739,0.0
740,0.74,0.0
741,0.741,0.0
742,0.742,0.0
743,0.743,0.0
744,0.744,0.0
745,0.745,0.0
746,0.746,0.0
747,0.747,0.0
748,0.748,0.0
749,0.749,0.0
750,0.75,0.0
751,0.751,0.0
752,0.752,0.0
753,0.753,0.0
754,0.754,0.0
755,0.755,0.0
756,0.756,0.0
757,0.757,0.0
758,0.758,0.0
759,0.759,0.0
760,0.76,0.0
761,0.761,0.0
762,0.762,0.0
763,0.763,0.0
764,0.764,0.0
765,0.765,0.0
766,0.766,0.0
767,0.767,0.0
768,0.768,0.0
769,0.769,0.0
770,0.77,0.0
771,0.771,0.0
772,0.772,0.0
773,0.773,0.0
774,0.774,0.0
775,0.775,0.0
776,0.776,0.0
777,0.777,0.0
778,0.778,0.0
779,0.779,0.0
780,0.78,0.0
781,0.781,0.0
782,0.782,0.0
783,0.783,0.0
784,0.784,0.0
785,0.785,0.0
786,0.786,0.0
787,0.787,0.0
788,0.788,0.0
789,0.789,0.0
790,0.79,0.0
791,0.791,0.0
792,0.792,0.0
793,0.793,0.0
794,0.794,0.0
795,0.795,0.0
796,0.796,0.0
797,0.797,0.0
798,0.798,0.0
799,0.799,0.0
800,0.8,0.0
801,0.801,0.0
802,0.802,0.0
803,0.803,0.0
804,0.804,0.0
805,0.805,0.0
806,0.806,0.0
807,0.807,0.0
808,0.808,0.0
809,0.809,0.0
810,0.81,0.0
811,0.811,0.0
812,0.812,0.0
813,0.8130000000000001,0.0
814,0.8140000000000001,0.0
815,0.8150000000000001,0.0
816,0.8160000000000001,0.0
817,0.8170000000000001,0.0
818,0.8180000000000001,0.0
819,0.8190000000000001,0.0
820,0.8200000000000001,0.0
821,0.8210000000000001,0.0
822,0.8220000000000001,0.0
823,0.8230000000000001,0.0
824,0.8240000000000001,0.0
825,0.8250000000000001,0.0
826,0.8260000000000001,0.0
827,0.8270000000000001,0.0
828,0.8280000000000001,0.0
829,0.8290000000000001,0.0
830,0.8300000000000001,0.0
831,0.8310000000000001,0.0
832,0.8320000000000001,0.0
833,0.833,0.0
834,0.834,0.0
835,0.835,0.0
836,0.836,0.0
837,0.837,0.0
838,0.838,0.0
839,0.839,0.0
840,0.84,0.0
841,0.841,0.0
842,0.842,0.0
843,0.843,0.0
844,0.844,0.0
845,0.845,0.0
846,0.846,0.0
847,0.847,0.0
848,0.848,0.0
849,0.849,0.0
850,0.85,0.0
851,0.851,0.0
852,0.852,0.0
853,0.853,0.0
854,0.854,0.0
855,0.855,0.0
856,0.856,0.0
857,0.857,0.0
858,0.858,0.0
859,0.859,0.0
860,0.86,0.0
861,0.861,0.0
862,0.862,0.0
863,0.863,0.0
864,0.864,0.0
865,0.865,0.0
866,0.866,0.0
867,0.867,0.0
868,0.868,0.0
869,0.869,0.0
870,0.87,0.0
871,0.871,0.0
872,0.872,0.0
873,0.873,0.0
874,0.874,0.0
875,0.875,0.0
876,0.876,0.0
877,0.877,0.0
878,0.878,0.0
879,0.879,0.0
880,0.88,0.0
881,0.881,0.0
882,0.882,0.0
883,0.883,0.0
884,0.884,0.0
885,0.885,0.0
886,0.886,0.0
887,0.887,0.0
888,0.888,0.0
889,0.889,0.0
890,0.89,0.0
891,0.891,0.0
892,0.892,0.0
893,0.893,0.0
894,0.894,0.0
895,0.895,0.0
896,0.896,0.0
897,0.897,0.0
898,0.898,0.0
899,0.899,0.0
900,0.9,0.0
901,0.901,0.0
902,0.902,0.0
903,0.903,0.0
904,0.904,0.0
905,0.905,0.0
906,0.906,0.0
907,0.907,0.0
908,0.908,0.0
909,0.909,0.0
910,0.91,0.0
911,0.911,0.0
912,0.912,0.0
913,0.913,0.0
914,0.914,0.0
915,0.915,0.0
916,0.916,0.0
917,0.917,0.0
918,0.918,0.0
919,0.919,0.0
920,0.92,0.0
921,0.921,0.0
922,0.922,0.0
923,0.923,0.0
924,0.924,0.0
925,0.925,0.0
926,0.926,0.0
927,0.927,0.0
928,0.928,0.0
929,0.929,0.0
930,0.93,0.0
931,0.931,0.0
932,0.932,0.0
933,0.933,0.0
934,0.934,0.0
935,0.935,0.0
936,0.936,0.0
937,0.937,0.0
938,0.9380000000000001,0.0
939,0.9390000000000001,0.0
940,0.9400000000000001,0.0
941,0.9410000000000001,0.0
942,0.9420000000000001,0.0
943,0.9430000000000001,0.0
944,0.9440000000000001,0.0
945,0.9450000000000001,0.0
946,0.9460000000000001,0.0
947,0.9470000000000001,0.0
948,0.9480000000000001,0.0
949,0.9490000000000001,0.0
950,0.9500000000000001,0.0
951,0.9510000000000001,0.0
952,0.9520000000000001,0.0
953,0.9530000000000001,0.0
954,0.9540000000000001,0.0
955,0.9550000000000001,0.0
956,0.9560000000000001,0.0
957,0.9570000000000001,0.0
958,0.9580000000000001,0.0
959,0.9590000000000001,0.0
960,0.96,0.0
961,0.961,0.0
962,0.962,0.0
963,0.963,0.0
964,0.964,0.0
965,0.965,0.0
966,0.966,0.0
967,0.967,0.0
968,0.968,0.0
969,0.969,0.0
970,0.97,0.0
971,0.971,0.0
972,0.972,0.0
973,0.973,0.0
974,0.974,0.0
975,0.975,0.0
976,0.976,0.0
977,0.977,0.0
978,0.978,0.0
979,0.979,0.0
980,0.98,0.0
981,0.981,0.0
982,0.982,0.0
983,0.983,0.0
984,0.984,0.0
985,0.985,0.0
986,0.986,0.0
987,0.987,0.0
988,0.988,0.0
989,0.989,0.0
990,0.99,0.0
991,0.991,0.0
992,0.992,0.0
993,0.993,0.0
994,0.994,0.0
995,0.995,0.0
996,0.996,0.0
997,0.997,0.0
998,0.998,0.0
999,0.999,0.0
1000,1.0,0.0
1001,1.0010000000000001,0.0
1002,1.002,0.0
1003,1.0030000000000001,0.0
1004,1.004,0.0
1005,1.0050000000000001,0.0
1006,1.006,0.0
1007,1.0070000000000001,0.0
1008,1.008,0.0
1009,1.0090000000000001,0.0
