,threshold,f1_score,precision,recall,erde5,erde50
0,0.0,0.22714681440443213,0.128125,1.0,11.256650589967407,11.170898437500012
1,0.001,0.22777777777777777,0.12852664576802508,1.0,11.216611527467409,11.130859375000012
2,0.002,0.2303370786516854,0.13015873015873017,1.0,11.216611527467409,11.130859375000012
3,0.003,0.2342857142857143,0.13268608414239483,1.0,11.176572464967409,11.090820312500012
4,0.004,0.23563218390804597,0.13355048859934854,1.0,11.176572464967409,11.090820312500012
5,0.005,0.239067055393586,0.1357615894039735,1.0,11.13653340246741,11.050781250000014
6,0.006,0.24260355029585798,0.13804713804713806,1.0,11.13653340246741,11.050781250000014
7,0.007,0.24773413897280966,0.1413793103448276,1.0,11.05645527746741,10.970703125000018
8,0.008,0.25076452599388377,0.14335664335664336,1.0,10.976377152467414,10.890625000000018
9,0.009000000000000001,0.25308641975308643,0.14487632508833923,1.0,10.896299027467416,10.81054687500002
10,0.01,0.25625,0.14695340501792115,1.0,10.776181839967418,10.690429687500021
11,0.011,0.26282051282051283,0.15129151291512916,1.0,10.966473136553576,10.88281250000002
12,0.012,0.26143790849673204,0.1509433962264151,0.975609756097561,10.886395011553578,10.80273437500002
13,0.013000000000000001,0.26666666666666666,0.15444015444015444,0.975609756097561,10.84635594905358,10.762695312500021
14,0.014,0.2711864406779661,0.15748031496062992,0.975609756097561,10.84635594905358,10.762695312500021
15,0.015,0.273972602739726,0.1593625498007968,0.975609756097561,10.80631688655358,10.722656250000021
16,0.016,0.2777777777777778,0.16194331983805668,0.975609756097561,10.76627782405358,10.682617187500023
17,0.017,0.2826855123674912,0.1652892561983471,0.975609756097561,10.726238761553581,10.642578125000025
18,0.018000000000000002,0.2888086642599278,0.1694915254237288,0.975609756097561,10.726238761553581,10.642578125000025
19,0.019,0.2952029520295203,0.17391304347826086,0.975609756097561,10.686199699053581,10.602539062500025
20,0.02,0.29850746268656714,0.1762114537444934,0.975609756097561,10.606121574053585,10.522460937500027
21,0.021,0.3076923076923077,0.182648401826484,0.975609756097561,10.526043449053587,10.442382812500028
22,0.022,0.31007751937984496,0.18433179723502305,0.975609756097561,10.526043449053587,10.442382812500028
23,0.023,0.31496062992125984,0.18779342723004694,0.975609756097561,10.405926261553589,10.32226562500003
24,0.024,0.32,0.19138755980861244,0.975609756097561,10.365887199053589,10.282226562500032
25,0.025,0.32388663967611336,0.1941747572815534,0.975609756097561,10.325848136553592,10.242187500000032
26,0.026000000000000002,0.3292181069958848,0.19801980198019803,0.975609756097561,10.285809074053594,10.202148437500034
27,0.027,0.33613445378151263,0.20304568527918782,0.975609756097561,10.245770011553594,10.162109375000036
28,0.028,0.33755274261603374,0.20408163265306123,0.975609756097561,10.085613761553597,10.001953125000037
29,0.029,0.3404255319148936,0.20618556701030927,0.975609756097561,10.085613761553597,10.001953125000037
30,0.03,0.3463203463203463,0.21052631578947367,0.975609756097561,10.005535636553601,9.921875000000039
31,0.031,0.34782608695652173,0.21164021164021163,0.975609756097561,9.965496574053601,9.881835937500039
32,0.032,0.3524229074889868,0.21505376344086022,0.975609756097561,9.8854184490536,9.801757812500037
33,0.033,0.35555555555555557,0.21739130434782608,0.975609756097561,9.8053403240536,9.721679687500037
34,0.034,0.35874439461883406,0.21978021978021978,0.975609756097561,9.6852231365536,9.601562500000037
35,0.035,0.36363636363636365,0.22346368715083798,0.975609756097561,9.6451840740536,9.561523437500037
36,0.036000000000000004,0.37037037037037035,0.22857142857142856,0.975609756097561,9.6451840740536,9.561523437500037
37,0.037,0.37037037037037035,0.22857142857142856,0.975609756097561,9.5250668865536,9.441406250000037
38,0.038,0.3755868544600939,0.23255813953488372,0.975609756097561,9.404949699053597,9.321289062500036
39,0.039,0.3791469194312796,0.23529411764705882,0.975609756097561,9.284832511553596,9.201171875000034
40,0.04,0.3791469194312796,0.23529411764705882,0.975609756097561,9.164715324053596,9.081054687500034
41,0.041,0.38461538461538464,0.23952095808383234,0.975609756097561,8.964520011553596,8.880859375000034
42,0.042,0.3902439024390244,0.24390243902439024,0.975609756097561,8.844402824053594,8.760742187500032
43,0.043000000000000003,0.39603960396039606,0.2484472049689441,0.975609756097561,8.764324699053594,8.680664062500032
44,0.044,0.4020100502512563,0.25316455696202533,0.975609756097561,8.684246574053594,8.600585937500032
45,0.045,0.40404040404040403,0.25477707006369427,0.975609756097561,8.644207511553594,8.560546875000032
46,0.046,0.41025641025641024,0.2597402597402597,0.975609756097561,8.604168449053592,8.52050781250003
47,0.047,0.41450777202072536,0.2631578947368421,0.975609756097561,8.564129386553592,8.48046875000003
48,0.048,0.418848167539267,0.26666666666666666,0.975609756097561,8.524090324053594,8.440429687500032
49,0.049,0.42328042328042326,0.2702702702702703,0.975609756097561,8.524090324053594,8.440429687500032
50,0.05,0.425531914893617,0.272108843537415,0.975609756097561,8.444012199053592,8.36035156250003
51,0.051000000000000004,0.425531914893617,0.272108843537415,0.975609756097561,8.444012199053592,8.36035156250003
52,0.052000000000000005,0.43243243243243246,0.2777777777777778,0.975609756097561,8.403973136553592,8.32031250000003
53,0.053,0.4419889502762431,0.2857142857142857,0.975609756097561,8.28385594905359,8.200195312500028
54,0.054,0.4444444444444444,0.28776978417266186,0.975609756097561,8.243816886553592,8.16015625000003
55,0.055,0.4519774011299435,0.29411764705882354,0.975609756097561,8.243816886553592,8.16015625000003
56,0.056,0.45454545454545453,0.2962962962962963,0.975609756097561,8.243816886553592,8.16015625000003
57,0.057,0.45714285714285713,0.29850746268656714,0.975609756097561,8.16373876155359,8.080078125000028
58,0.058,0.4482758620689655,0.2932330827067669,0.9512195121951219,8.16373876155359,8.080078125000028
59,0.059000000000000004,0.4508670520231214,0.29545454545454547,0.9512195121951219,8.474147244995642,8.080078125004368
60,0.06,0.4508670520231214,0.29545454545454547,0.9512195121951219,8.394069119995642,8.000000000004368
61,0.061,0.4508670520231214,0.29545454545454547,0.9512195121951219,8.394069119995642,8.000000000004368
62,0.062,0.4588235294117647,0.3023255813953488,0.9512195121951219,8.394069119995642,8.000000000004368
63,0.063,0.4588235294117647,0.3023255813953488,0.9512195121951219,8.394069119995642,8.000000000004368
64,0.064,0.4642857142857143,0.30708661417322836,0.9512195121951219,8.27395193249564,7.879882812504367
65,0.065,0.4642857142857143,0.30708661417322836,0.9512195121951219,8.27395193249564,7.879882812504367
66,0.066,0.46706586826347307,0.30952380952380953,0.9512195121951219,8.27395193249564,7.879882812504367
67,0.067,0.46706586826347307,0.30952380952380953,0.9512195121951219,8.27395193249564,7.879882812504367
68,0.068,0.46706586826347307,0.30952380952380953,0.9512195121951219,8.27395193249564,7.879882812504367
69,0.069,0.4727272727272727,0.31451612903225806,0.9512195121951219,8.19387380749564,7.799804687504366
70,0.07,0.4727272727272727,0.31451612903225806,0.9512195121951219,8.19387380749564,7.799804687504366
71,0.07100000000000001,0.4727272727272727,0.31451612903225806,0.9512195121951219,8.19387380749564,7.799804687504366
72,0.07200000000000001,0.47560975609756095,0.3170731707317073,0.9512195121951219,8.19387380749564,7.799804687504366
73,0.073,0.48148148148148145,0.32231404958677684,0.9512195121951219,8.504282291581802,8.11230468750434
74,0.074,0.48148148148148145,0.32231404958677684,0.9512195121951219,8.4642432290818,8.07226562500434
75,0.075,0.484472049689441,0.325,0.9512195121951219,8.4642432290818,8.07226562500434
76,0.076,0.4875,0.3277310924369748,0.9512195121951219,8.4642432290818,8.07226562500434
77,0.077,0.49056603773584906,0.3305084745762712,0.9512195121951219,8.424204166581802,8.032226562504338
78,0.078,0.4968152866242038,0.33620689655172414,0.9512195121951219,8.424204166581802,8.032226562504338
79,0.079,0.5,0.3391304347826087,0.9512195121951219,8.3841651040818,7.992187500004339
80,0.08,0.5032258064516129,0.34210526315789475,0.9512195121951219,8.3841651040818,7.992187500004339
81,0.081,0.5032258064516129,0.34210526315789475,0.9512195121951219,8.3841651040818,7.992187500004339
82,0.082,0.5032258064516129,0.34210526315789475,0.9512195121951219,8.386039657346085,7.912109375004338
83,0.083,0.5064935064935064,0.34513274336283184,0.9512195121951219,8.386039657346085,7.912109375004338
84,0.084,0.5064935064935064,0.34513274336283184,0.9512195121951219,8.386039657346085,7.912109375004338
85,0.085,0.5064935064935064,0.34513274336283184,0.9512195121951219,8.386039657346085,7.912109375004338
86,0.08600000000000001,0.5098039215686274,0.3482142857142857,0.9512195121951219,8.386039657346085,7.912109375004338
87,0.08700000000000001,0.5131578947368421,0.35135135135135137,0.9512195121951219,8.386039657346085,7.912109375004338
88,0.088,0.5131578947368421,0.35135135135135137,0.9512195121951219,8.346000594846084,7.872070312504338
89,0.089,0.5033112582781457,0.34545454545454546,0.926829268292683,8.265922469846085,7.791992187504338
90,0.09,0.5066666666666667,0.3486238532110092,0.926829268292683,8.225883407346084,7.751953125004338
91,0.091,0.5066666666666667,0.3486238532110092,0.926829268292683,8.225883407346084,7.751953125004338
92,0.092,0.5100671140939598,0.35185185185185186,0.926829268292683,8.185844344846084,7.711914062504337
93,0.093,0.5100671140939598,0.35185185185185186,0.926829268292683,8.185844344846084,7.711914062504337
94,0.094,0.5100671140939598,0.35185185185185186,0.926829268292683,8.185844344846084,7.711914062504337
95,0.095,0.5100671140939598,0.35185185185185186,0.926829268292683,8.185844344846084,7.711914062504337
96,0.096,0.5100671140939598,0.35185185185185186,0.926829268292683,8.105766219846084,7.631835937504336
97,0.097,0.5135135135135135,0.35514018691588783,0.926829268292683,8.105766219846084,7.631835937504336
98,0.098,0.5170068027210885,0.3584905660377358,0.926829268292683,8.105766219846084,7.631835937504336
99,0.099,0.5170068027210885,0.3584905660377358,0.926829268292683,8.105766219846084,7.631835937504336
100,0.1,0.5170068027210885,0.3584905660377358,0.926829268292683,8.105766219846084,7.631835937504336
101,0.101,0.5170068027210885,0.3584905660377358,0.926829268292683,8.025688094846082,7.551757812504337
102,0.10200000000000001,0.5205479452054794,0.3619047619047619,0.926829268292683,7.905570907346082,7.431640625004335
103,0.10300000000000001,0.5241379310344828,0.36538461538461536,0.926829268292683,7.825492782346082,7.351562500004335
104,0.10400000000000001,0.5241379310344828,0.36538461538461536,0.926829268292683,7.825492782346082,7.351562500004335
105,0.105,0.5241379310344828,0.36538461538461536,0.926829268292683,7.825492782346082,7.351562500004335
106,0.106,0.5241379310344828,0.36538461538461536,0.926829268292683,7.825492782346082,7.351562500004335
107,0.107,0.5138888888888888,0.3592233009708738,0.9024390243902439,7.745414657346081,7.271484375004364
108,0.108,0.5174825174825175,0.3627450980392157,0.9024390243902439,7.705375594846081,7.2314453125043645
109,0.109,0.5211267605633803,0.36633663366336633,0.9024390243902439,7.62529746984608,7.151367187504364
110,0.11,0.5285714285714286,0.37373737373737376,0.9024390243902439,7.62529746984608,7.151367187504364
111,0.111,0.5285714285714286,0.37373737373737376,0.9024390243902439,7.54521934484608,7.071289062504363
112,0.112,0.5285714285714286,0.37373737373737376,0.9024390243902439,7.50518028234608,7.031250000004363
113,0.113,0.5323741007194245,0.37755102040816324,0.9024390243902439,7.50518028234608,7.031250000004363
114,0.114,0.5323741007194245,0.37755102040816324,0.9024390243902439,7.50518028234608,7.031250000004363
115,0.115,0.5323741007194245,0.37755102040816324,0.9024390243902439,7.50518028234608,7.031250000004363
116,0.116,0.5323741007194245,0.37755102040816324,0.9024390243902439,7.46514121984608,6.991210937504364
117,0.117,0.5323741007194245,0.37755102040816324,0.9024390243902439,7.46514121984608,6.991210937504364
118,0.11800000000000001,0.5323741007194245,0.37755102040816324,0.9024390243902439,7.46514121984608,6.991210937504364
119,0.11900000000000001,0.5323741007194245,0.37755102040816324,0.9024390243902439,7.775549703932241,7.303710937504363
120,0.12,0.5362318840579711,0.38144329896907214,0.9024390243902439,7.775549703932241,7.303710937504363
121,0.121,0.5441176470588235,0.3894736842105263,0.9024390243902439,7.775549703932241,7.303710937504363
122,0.122,0.5441176470588235,0.3894736842105263,0.9024390243902439,7.775549703932241,7.303710937504363
123,0.123,0.556390977443609,0.40217391304347827,0.9024390243902439,7.73551064143224,7.263671875004363
124,0.124,0.556390977443609,0.40217391304347827,0.9024390243902439,8.043827609604563,7.263671875004363
125,0.125,0.5606060606060606,0.4065934065934066,0.9024390243902439,8.043827609604563,7.263671875004363
126,0.126,0.5606060606060606,0.4065934065934066,0.9024390243902439,8.003788547104563,7.223632812504363
127,0.127,0.5606060606060606,0.4065934065934066,0.9024390243902439,7.963749484604563,7.183593750004362
128,0.128,0.5606060606060606,0.4065934065934066,0.9024390243902439,7.923710422104562,7.143554687504363
129,0.129,0.5648854961832062,0.4111111111111111,0.9024390243902439,7.883671359604562,7.103515625004361
130,0.13,0.5648854961832062,0.4111111111111111,0.9024390243902439,7.883671359604562,7.103515625004361
131,0.131,0.5648854961832062,0.4111111111111111,0.9024390243902439,7.843632297104561,7.063476562504362
132,0.132,0.5648854961832062,0.4111111111111111,0.9024390243902439,7.763554172104562,6.983398437504361
133,0.133,0.5648854961832062,0.4111111111111111,0.9024390243902439,7.763554172104562,6.983398437504361
134,0.134,0.5648854961832062,0.4111111111111111,0.9024390243902439,7.72351510960456,6.943359375004361
135,0.135,0.5692307692307692,0.4157303370786517,0.9024390243902439,7.953845468690723,7.173689734090523
136,0.136,0.5692307692307692,0.4157303370786517,0.9024390243902439,7.913806406190724,7.133650671590522
137,0.137,0.5692307692307692,0.4157303370786517,0.9024390243902439,7.913806406190724,7.133650671590522
138,0.138,0.5692307692307692,0.4157303370786517,0.9024390243902439,7.913806406190724,7.133650671590522
139,0.139,0.5692307692307692,0.4157303370786517,0.9024390243902439,7.873767343690723,7.093611609090522
140,0.14,0.5692307692307692,0.4157303370786517,0.9024390243902439,7.873767343690723,7.093611609090522
141,0.14100000000000001,0.5736434108527132,0.42045454545454547,0.9024390243902439,7.873767343690723,7.093611609090522
142,0.14200000000000002,0.578125,0.42528735632183906,0.9024390243902439,7.793689218690722,7.013533484090521
143,0.14300000000000002,0.5873015873015873,0.43529411764705883,0.9024390243902439,7.753650156190722,6.973494421590522
144,0.14400000000000002,0.592,0.44047619047619047,0.9024390243902439,7.713611093690723,6.93345535909052
145,0.145,0.6016260162601627,0.45121951219512196,0.9024390243902439,7.713611093690723,6.93345535909052
146,0.146,0.6016260162601627,0.45121951219512196,0.9024390243902439,7.713611093690723,6.93345535909052
147,0.147,0.6016260162601627,0.45121951219512196,0.9024390243902439,7.713611093690723,6.93345535909052
148,0.148,0.6065573770491803,0.4567901234567901,0.9024390243902439,7.713611093690723,6.93345535909052
149,0.149,0.6065573770491803,0.4567901234567901,0.9024390243902439,7.673572031190721,6.893416296590521
150,0.15,0.6115702479338843,0.4625,0.9024390243902439,7.673572031190721,6.893416296590521
151,0.151,0.6115702479338843,0.4625,0.9024390243902439,7.673572031190721,6.893416296590521
152,0.152,0.6115702479338843,0.4625,0.9024390243902439,7.673572031190721,6.893416296590521
153,0.153,0.6115702479338843,0.4625,0.9024390243902439,7.633532968690722,6.853377234090521
154,0.154,0.6115702479338843,0.4625,0.9024390243902439,7.633532968690722,6.853377234090521
155,0.155,0.6115702479338843,0.4625,0.9024390243902439,7.633532968690722,6.853377234090521
156,0.156,0.6115702479338843,0.4625,0.9024390243902439,7.633532968690722,6.853377234090521
157,0.157,0.6166666666666667,0.46835443037974683,0.9024390243902439,7.593493906190721,6.81333817159052
158,0.158,0.6166666666666667,0.46835443037974683,0.9024390243902439,7.553454843690721,6.77329910909052
159,0.159,0.6166666666666667,0.46835443037974683,0.9024390243902439,7.553454843690721,6.77329910909052
160,0.16,0.6218487394957983,0.47435897435897434,0.9024390243902439,7.553454843690721,6.77329910909052
161,0.161,0.6218487394957983,0.47435897435897434,0.9024390243902439,7.513415781190721,6.7332600465905195
162,0.162,0.6324786324786325,0.4868421052631579,0.9024390243902439,7.513415781190721,6.7332600465905195
163,0.163,0.6324786324786325,0.4868421052631579,0.9024390243902439,7.7837852027768815,7.00572098409052
164,0.164,0.6324786324786325,0.4868421052631579,0.9024390243902439,7.7437461402768815,6.9656819215905195
165,0.165,0.6324786324786325,0.4868421052631579,0.9024390243902439,7.7437461402768815,6.9656819215905195
166,0.166,0.6324786324786325,0.4868421052631579,0.9024390243902439,7.707236252476196,6.9256428590905195
167,0.167,0.6379310344827587,0.49333333333333335,0.9024390243902439,7.707236252476196,6.9256428590905195
168,0.168,0.6379310344827587,0.49333333333333335,0.9024390243902439,7.707236252476196,6.9256428590905195
169,0.169,0.6379310344827587,0.49333333333333335,0.9024390243902439,7.707236252476196,6.9256428590905195
170,0.17,0.6434782608695652,0.5,0.9024390243902439,7.667197189976196,6.8856037965905195
171,0.171,0.6434782608695652,0.5,0.9024390243902439,7.6271581274761955,6.845564734090519
172,0.17200000000000001,0.6434782608695652,0.5,0.9024390243902439,7.6271581274761955,6.845564734090519
173,0.17300000000000001,0.6434782608695652,0.5,0.9024390243902439,7.6271581274761955,6.845564734090519
174,0.17400000000000002,0.6434782608695652,0.5,0.9024390243902439,7.5871190649761955,6.8055256715905195
175,0.17500000000000002,0.6434782608695652,0.5,0.9024390243902439,7.507040939976195,6.725447546590519
176,0.176,0.6434782608695652,0.5,0.9024390243902439,7.4670018774761955,6.685408484090519
177,0.177,0.6434782608695652,0.5,0.9024390243902439,7.426962814976195,6.645369421590518
178,0.178,0.6491228070175439,0.5068493150684932,0.9024390243902439,7.426962814976195,6.645369421590518
179,0.179,0.6491228070175439,0.5068493150684932,0.9024390243902439,7.426962814976195,6.645369421590518
180,0.18,0.6491228070175439,0.5068493150684932,0.9024390243902439,7.426962814976195,6.645369421590518
181,0.181,0.6548672566371682,0.5138888888888888,0.9024390243902439,7.426962814976195,6.645369421590518
182,0.182,0.6548672566371682,0.5138888888888888,0.9024390243902439,7.426962814976195,6.645369421590518
183,0.183,0.6548672566371682,0.5138888888888888,0.9024390243902439,7.386923752476195,6.605330359090518
184,0.184,0.6607142857142857,0.5211267605633803,0.9024390243902439,7.386923752476195,6.605330359090518
185,0.185,0.6607142857142857,0.5211267605633803,0.9024390243902439,7.386923752476195,6.605330359090518
186,0.186,0.6666666666666666,0.5285714285714286,0.9024390243902439,7.306845627476194,6.525252234090518
187,0.187,0.6666666666666666,0.5285714285714286,0.9024390243902439,7.266806564976195,6.485213171590518
188,0.188,0.6666666666666666,0.5285714285714286,0.9024390243902439,7.266806564976195,6.485213171590518
189,0.189,0.6666666666666666,0.5285714285714286,0.9024390243902439,7.266806564976195,6.485213171590518
190,0.19,0.6727272727272727,0.5362318840579711,0.9024390243902439,7.186728439976194,6.405135046590517
191,0.191,0.6727272727272727,0.5362318840579711,0.9024390243902439,7.146689377476193,6.365095984090516
192,0.192,0.6727272727272727,0.5362318840579711,0.9024390243902439,7.146689377476193,6.365095984090516
193,0.193,0.6727272727272727,0.5362318840579711,0.9024390243902439,7.146689377476193,6.365095984090516
194,0.194,0.6727272727272727,0.5362318840579711,0.9024390243902439,7.146689377476193,6.365095984090516
195,0.195,0.6727272727272727,0.5362318840579711,0.9024390243902439,7.146689377476193,6.365095984090516
196,0.196,0.6727272727272727,0.5362318840579711,0.9024390243902439,7.146689377476193,6.365095984090516
197,0.197,0.6788990825688074,0.5441176470588235,0.9024390243902439,7.066611252476193,6.285017859090517
198,0.198,0.6788990825688074,0.5441176470588235,0.9024390243902439,7.066611252476193,6.285017859090517
199,0.199,0.6851851851851852,0.5522388059701493,0.9024390243902439,7.066611252476193,6.285017859090517
200,0.2,0.6851851851851852,0.5522388059701493,0.9024390243902439,7.066611252476193,6.285017859090517
201,0.201,0.6851851851851852,0.5522388059701493,0.9024390243902439,7.026572189976192,6.244978796590515
202,0.202,0.6851851851851852,0.5522388059701493,0.9024390243902439,7.026572189976192,6.244978796590515
203,0.203,0.6851851851851852,0.5522388059701493,0.9024390243902439,7.026572189976192,6.244978796590515
204,0.20400000000000001,0.6851851851851852,0.5522388059701493,0.9024390243902439,7.026572189976192,6.244978796590515
205,0.20500000000000002,0.6851851851851852,0.5522388059701493,0.9024390243902439,6.986533127476193,6.204939734090516
206,0.20600000000000002,0.6728971962616822,0.5454545454545454,0.8780487804878049,6.986533127476193,6.204939734090516
207,0.20700000000000002,0.6728971962616822,0.5454545454545454,0.8780487804878049,6.946494064976191,6.164900671590515
208,0.20800000000000002,0.6728971962616822,0.5454545454545454,0.8780487804878049,6.906455002476192,6.124861609090515
209,0.209,0.6792452830188679,0.5538461538461539,0.8780487804878049,6.906455002476192,6.124861609090515
210,0.21,0.6792452830188679,0.5538461538461539,0.8780487804878049,6.906455002476192,6.124861609090515
211,0.211,0.6792452830188679,0.5538461538461539,0.8780487804878049,6.906455002476192,6.124861609090515
212,0.212,0.6857142857142857,0.5625,0.8780487804878049,6.906455002476192,6.124861609090515
213,0.213,0.6857142857142857,0.5625,0.8780487804878049,6.906455002476192,6.124861609090515
214,0.214,0.6857142857142857,0.5625,0.8780487804878049,6.906455002476192,6.124861609090515
215,0.215,0.6857142857142857,0.5625,0.8780487804878049,6.906455002476192,6.124861609090515
216,0.216,0.6857142857142857,0.5625,0.8780487804878049,6.906455002476192,6.124861609090515
217,0.217,0.6857142857142857,0.5625,0.8780487804878049,6.906455002476192,6.124861609090515
218,0.218,0.6857142857142857,0.5625,0.8780487804878049,6.866415939976192,6.084822546590515
219,0.219,0.6857142857142857,0.5625,0.8780487804878049,6.866415939976192,6.084822546590515
220,0.22,0.6923076923076923,0.5714285714285714,0.8780487804878049,6.866415939976192,6.084822546590515
221,0.221,0.6923076923076923,0.5714285714285714,0.8780487804878049,6.826376877476191,6.044783484090514
222,0.222,0.6923076923076923,0.5714285714285714,0.8780487804878049,6.786337814976191,6.004744421590515
223,0.223,0.6923076923076923,0.5714285714285714,0.8780487804878049,6.786337814976191,6.004744421590515
224,0.224,0.6923076923076923,0.5714285714285714,0.8780487804878049,6.74629875247619,5.964705359090514
225,0.225,0.6923076923076923,0.5714285714285714,0.8780487804878049,6.706259689976191,5.924666296590514
226,0.226,0.6923076923076923,0.5714285714285714,0.8780487804878049,6.706259689976191,5.924666296590514
227,0.227,0.6990291262135923,0.5806451612903226,0.8780487804878049,6.706259689976191,5.924666296590514
228,0.228,0.6990291262135923,0.5806451612903226,0.8780487804878049,6.62618156497619,5.844588171590513
229,0.229,0.7058823529411765,0.5901639344262295,0.8780487804878049,6.62618156497619,5.844588171590513
230,0.23,0.7128712871287128,0.6,0.8780487804878049,6.62618156497619,5.844588171590513
231,0.231,0.7128712871287128,0.6,0.8780487804878049,6.58614250247619,5.804549109090513
232,0.232,0.7128712871287128,0.6,0.8780487804878049,6.506064377476189,5.724470984090512
233,0.233,0.7128712871287128,0.6,0.8780487804878049,6.46602531497619,5.684431921590512
234,0.234,0.7128712871287128,0.6,0.8780487804878049,6.46602531497619,5.684431921590512
235,0.23500000000000001,0.7128712871287128,0.6,0.8780487804878049,6.46602531497619,5.684431921590512
236,0.23600000000000002,0.7128712871287128,0.6,0.8780487804878049,6.46602531497619,5.684431921590512
237,0.23700000000000002,0.7128712871287128,0.6,0.8780487804878049,6.425986252476188,5.644392859090512
238,0.23800000000000002,0.7128712871287128,0.6,0.8780487804878049,6.425986252476188,5.644392859090512
239,0.23900000000000002,0.7,0.5932203389830508,0.8536585365853658,6.457616474994947,5.644392859090512
240,0.24,0.7,0.5932203389830508,0.8536585365853658,6.457616474994947,5.644392859090512
241,0.241,0.7,0.5932203389830508,0.8536585365853658,6.417577412494947,5.604353796590512
242,0.242,0.7,0.5932203389830508,0.8536585365853658,6.417577412494947,5.604353796590512
243,0.243,0.7,0.5932203389830508,0.8536585365853658,6.417577412494947,5.604353796590512
244,0.244,0.7,0.5932203389830508,0.8536585365853658,6.377538349994946,5.564314734090512
245,0.245,0.7,0.5932203389830508,0.8536585365853658,6.337499287494946,5.5242756715905115
246,0.246,0.7,0.5932203389830508,0.8536585365853658,6.337499287494946,5.5242756715905115
247,0.247,0.7,0.5932203389830508,0.8536585365853658,6.337499287494946,5.5242756715905115
248,0.248,0.7,0.5932203389830508,0.8536585365853658,6.337499287494946,5.5242756715905115
249,0.249,0.7,0.5932203389830508,0.8536585365853658,6.257421162494945,5.444197546590511
250,0.25,0.7,0.5932203389830508,0.8536585365853658,6.257421162494945,5.444197546590511
251,0.251,0.7,0.5932203389830508,0.8536585365853658,6.257421162494945,5.444197546590511
252,0.252,0.7,0.5932203389830508,0.8536585365853658,6.257421162494945,5.444197546590511
253,0.253,0.7070707070707071,0.603448275862069,0.8536585365853658,6.257421162494945,5.444197546590511
254,0.254,0.7070707070707071,0.603448275862069,0.8536585365853658,6.257421162494945,5.444197546590511
255,0.255,0.7142857142857143,0.6140350877192983,0.8536585365853658,6.217382099994946,5.4041584840905115
256,0.256,0.7142857142857143,0.6140350877192983,0.8536585365853658,6.217382099994946,5.4041584840905115
257,0.257,0.7142857142857143,0.6140350877192983,0.8536585365853658,6.217382099994946,5.4041584840905115
258,0.258,0.7142857142857143,0.6140350877192983,0.8536585365853658,6.217382099994946,5.4041584840905115
259,0.259,0.7142857142857143,0.6140350877192983,0.8536585365853658,6.217382099994946,5.4041584840905115
260,0.26,0.7142857142857143,0.6140350877192983,0.8536585365853658,6.217382099994946,5.4041584840905115
261,0.261,0.7142857142857143,0.6140350877192983,0.8536585365853658,6.217382099994946,5.4041584840905115
262,0.262,0.7216494845360825,0.625,0.8536585365853658,6.137303974994947,5.324080359090511
263,0.263,0.7216494845360825,0.625,0.8536585365853658,6.137303974994947,5.324080359090511
264,0.264,0.7216494845360825,0.625,0.8536585365853658,6.137303974994947,5.324080359090511
265,0.265,0.7216494845360825,0.625,0.8536585365853658,6.137303974994947,5.324080359090511
266,0.266,0.7216494845360825,0.625,0.8536585365853658,6.137303974994947,5.324080359090511
267,0.267,0.7216494845360825,0.625,0.8536585365853658,6.137303974994947,5.324080359090511
268,0.268,0.7216494845360825,0.625,0.8536585365853658,6.097264912494946,5.284041296590511
269,0.269,0.7216494845360825,0.625,0.8536585365853658,6.097264912494946,5.284041296590511
270,0.27,0.7291666666666666,0.6363636363636364,0.8536585365853658,6.407673396344152,5.284041296602307
271,0.271,0.7291666666666666,0.6363636363636364,0.8536585365853658,6.407673396344152,5.284041296602307
272,0.272,0.7291666666666666,0.6363636363636364,0.8536585365853658,6.407673396344152,5.284041296602307
273,0.273,0.7291666666666666,0.6363636363636364,0.8536585365853658,6.407673396344152,5.284041296602307
274,0.274,0.7368421052631579,0.6481481481481481,0.8536585365853658,6.407673396344152,5.284041296602307
275,0.275,0.7368421052631579,0.6481481481481481,0.8536585365853658,6.407673396344152,5.284041296602307
276,0.276,0.7368421052631579,0.6481481481481481,0.8536585365853658,6.367634333844152,5.244002234102307
277,0.277,0.7368421052631579,0.6481481481481481,0.8536585365853658,6.367634333844152,5.244002234102307
278,0.278,0.7368421052631579,0.6481481481481481,0.8536585365853658,6.367634333844152,5.244002234102307
279,0.279,0.7446808510638298,0.660377358490566,0.8536585365853658,6.367634333844152,5.244002234102307
280,0.28,0.7446808510638298,0.660377358490566,0.8536585365853658,6.367634333844152,5.244002234102307
281,0.281,0.7446808510638298,0.660377358490566,0.8536585365853658,6.367634333844152,5.244002234102307
282,0.28200000000000003,0.7446808510638298,0.660377358490566,0.8536585365853658,6.367634333844152,5.244002234102307
283,0.28300000000000003,0.7446808510638298,0.660377358490566,0.8536585365853658,6.367634333844152,5.244002234102307
284,0.28400000000000003,0.7446808510638298,0.660377358490566,0.8536585365853658,6.367634333844152,5.244002234102307
285,0.28500000000000003,0.7446808510638298,0.660377358490566,0.8536585365853658,6.287556208844151,5.1639241091023065
286,0.28600000000000003,0.7446808510638298,0.660377358490566,0.8536585365853658,6.247517146344152,5.123885046602307
287,0.28700000000000003,0.7446808510638298,0.660377358490566,0.8536585365853658,6.247517146344152,5.123885046602307
288,0.28800000000000003,0.7446808510638298,0.660377358490566,0.8536585365853658,6.247517146988262,5.280135046597967
289,0.289,0.7446808510638298,0.660377358490566,0.8536585365853658,6.247517146988262,5.280135046597967
290,0.29,0.7446808510638298,0.660377358490566,0.8536585365853658,6.247517146988262,5.280135046597967
291,0.291,0.7446808510638298,0.660377358490566,0.8536585365853658,6.247517146988262,5.280135046597967
292,0.292,0.7526881720430108,0.6730769230769231,0.8536585365853658,6.247517146988262,5.280135046597967
293,0.293,0.7526881720430108,0.6730769230769231,0.8536585365853658,6.247517146988262,5.280135046597967
294,0.294,0.7526881720430108,0.6730769230769231,0.8536585365853658,6.207478084488262,5.240095984097967
295,0.295,0.7526881720430108,0.6730769230769231,0.8536585365853658,6.207478084488262,5.240095984097967
296,0.296,0.7526881720430108,0.6730769230769231,0.8536585365853658,6.167439021988262,5.200056921597968
297,0.297,0.7526881720430108,0.6730769230769231,0.8536585365853658,6.167439021988262,5.200056921597968
298,0.298,0.7526881720430108,0.6730769230769231,0.8536585365853658,6.167439021988262,5.200056921597968
299,0.299,0.7526881720430108,0.6730769230769231,0.8536585365853658,6.167439021988262,5.200056921597968
300,0.3,0.7526881720430108,0.6730769230769231,0.8536585365853658,6.167439021988262,5.200056921597968
301,0.301,0.7526881720430108,0.6730769230769231,0.8536585365853658,6.167439021988262,5.200056921597968
302,0.302,0.7526881720430108,0.6730769230769231,0.8536585365853658,6.167439021988262,5.200056921597968
303,0.303,0.7526881720430108,0.6730769230769231,0.8536585365853658,6.167439021988262,5.202148437511806
304,0.304,0.7526881720430108,0.6730769230769231,0.8536585365853658,6.127399959488261,5.1621093750118066
305,0.305,0.7526881720430108,0.6730769230769231,0.8536585365853658,6.127399959488261,5.1621093750118066
306,0.306,0.7526881720430108,0.6730769230769231,0.8536585365853658,6.127399959488261,5.1621093750118066
307,0.307,0.7526881720430108,0.6730769230769231,0.8536585365853658,6.127399959488261,5.1621093750118066
308,0.308,0.7526881720430108,0.6730769230769231,0.8536585365853658,6.127399959488261,5.1621093750118066
309,0.309,0.7526881720430108,0.6730769230769231,0.8536585365853658,6.127399959488261,5.1621093750118066
310,0.31,0.7526881720430108,0.6730769230769231,0.8536585365853658,6.127399959488261,5.1621093750118066
311,0.311,0.7526881720430108,0.6730769230769231,0.8536585365853658,6.127399959488261,5.1621093750118066
312,0.312,0.7526881720430108,0.6730769230769231,0.8536585365853658,6.127399959488261,5.1621093750118066
313,0.313,0.7526881720430108,0.6730769230769231,0.8536585365853658,6.127399959488261,5.1621093750118066
314,0.314,0.7526881720430108,0.6730769230769231,0.8536585365853658,6.437808443574425,5.474609375011807
315,0.315,0.7526881720430108,0.6730769230769231,0.8536585365853658,6.397769381074424,5.434570312511807
316,0.316,0.7608695652173914,0.6862745098039216,0.8536585365853658,6.397769381074424,5.434570312511807
317,0.317,0.7608695652173914,0.6862745098039216,0.8536585365853658,6.397769381074424,5.434570312511807
318,0.318,0.7608695652173914,0.6862745098039216,0.8536585365853658,6.397769381074424,5.434570312511807
319,0.319,0.7608695652173914,0.6862745098039216,0.8536585365853658,6.397769381074424,5.434570312511807
320,0.32,0.7608695652173914,0.6862745098039216,0.8536585365853658,6.357730318574423,5.3945312500118066
321,0.321,0.7608695652173914,0.6862745098039216,0.8536585365853658,6.317691256074423,5.354492187511807
322,0.322,0.7608695652173914,0.6862745098039216,0.8536585365853658,6.317691256074423,5.354492187511807
323,0.323,0.7608695652173914,0.6862745098039216,0.8536585365853658,6.277652193574424,5.3144531250118066
324,0.324,0.7608695652173914,0.6862745098039216,0.8536585365853658,6.277652193574424,5.3144531250118066
325,0.325,0.7608695652173914,0.6862745098039216,0.8536585365853658,6.277652193574424,5.3144531250118066
326,0.326,0.7608695652173914,0.6862745098039216,0.8536585365853658,6.277652193574424,5.3144531250118066
327,0.327,0.7692307692307693,0.7,0.8536585365853658,6.277652193574424,5.3144531250118066
328,0.328,0.7692307692307693,0.7,0.8536585365853658,6.277652193574424,5.3144531250118066
329,0.329,0.7692307692307693,0.7,0.8536585365853658,6.277652193574424,5.3144531250118066
330,0.33,0.7692307692307693,0.7,0.8536585365853658,6.588060677660584,5.626953125011809
331,0.331,0.7555555555555555,0.6938775510204082,0.8292682926829268,6.588060677660584,5.626953125011809
332,0.332,0.7555555555555555,0.6938775510204082,0.8292682926829268,6.588060677660584,5.626953125011809
333,0.333,0.7415730337078652,0.6875,0.8048780487804879,6.588060677660584,5.626953125011809
334,0.334,0.7415730337078652,0.6875,0.8048780487804879,6.588060677660584,5.626953125011809
335,0.335,0.7415730337078652,0.6875,0.8048780487804879,6.507982552660585,5.546875000011808
336,0.336,0.7415730337078652,0.6875,0.8048780487804879,6.467943490160585,5.506835937511808
337,0.337,0.7415730337078652,0.6875,0.8048780487804879,6.427904427660583,5.466796875011807
338,0.338,0.7415730337078652,0.6875,0.8048780487804879,6.427904427660583,5.466796875011807
339,0.339,0.7415730337078652,0.6875,0.8048780487804879,6.427904427660583,5.466796875011807
340,0.34,0.7415730337078652,0.6875,0.8048780487804879,6.427904427660583,5.466796875011807
341,0.341,0.7415730337078652,0.6875,0.8048780487804879,6.427904427660583,5.466796875011807
342,0.342,0.7415730337078652,0.6875,0.8048780487804879,6.427904427660583,5.466796875011807
343,0.343,0.7415730337078652,0.6875,0.8048780487804879,6.427904427660583,5.466796875011807
344,0.34400000000000003,0.7415730337078652,0.6875,0.8048780487804879,6.427904427660583,5.466796875011807
345,0.34500000000000003,0.7272727272727273,0.6808510638297872,0.7804878048780488,6.427904427660583,5.466796875011807
346,0.34600000000000003,0.7272727272727273,0.6808510638297872,0.7804878048780488,6.427904427660583,5.466796875011807
347,0.34700000000000003,0.7272727272727273,0.6808510638297872,0.7804878048780488,6.427904427660583,5.466796875011807
348,0.34800000000000003,0.7272727272727273,0.6808510638297872,0.7804878048780488,6.427904427660583,5.466796875011807
349,0.34900000000000003,0.7272727272727273,0.6808510638297872,0.7804878048780488,6.427904427660583,5.466796875011807
350,0.35000000000000003,0.7272727272727273,0.6808510638297872,0.7804878048780488,6.427904427660583,5.466796875011807
351,0.35100000000000003,0.7272727272727273,0.6808510638297872,0.7804878048780488,6.347826302660583,5.386718750011807
352,0.352,0.7272727272727273,0.6808510638297872,0.7804878048780488,6.347826302660583,5.386718750011807
353,0.353,0.7272727272727273,0.6808510638297872,0.7804878048780488,6.347826302660583,5.386718750011807
354,0.354,0.7272727272727273,0.6808510638297872,0.7804878048780488,6.347826302660583,5.386718750011807
355,0.355,0.7272727272727273,0.6808510638297872,0.7804878048780488,6.578156661746745,5.619140625011807
356,0.356,0.7272727272727273,0.6808510638297872,0.7804878048780488,6.538117599246744,5.5791015625118066
357,0.357,0.7272727272727273,0.6808510638297872,0.7804878048780488,6.498078536746744,5.5390625000118066
358,0.358,0.7272727272727273,0.6808510638297872,0.7804878048780488,6.498078536746744,5.5390625000118066
359,0.359,0.7272727272727273,0.6808510638297872,0.7804878048780488,6.498078536746744,5.5390625000118066
360,0.36,0.7272727272727273,0.6808510638297872,0.7804878048780488,6.498078536746744,5.5390625000118066
361,0.361,0.7272727272727273,0.6808510638297872,0.7804878048780488,6.498078536746744,5.5390625000118066
362,0.362,0.7272727272727273,0.6808510638297872,0.7804878048780488,6.498078536746744,5.5390625000118066
363,0.363,0.7272727272727273,0.6808510638297872,0.7804878048780488,6.501607711446058,5.5390625000118066
364,0.364,0.7272727272727273,0.6808510638297872,0.7804878048780488,6.501607711446058,5.5390625000118066
365,0.365,0.7272727272727273,0.6808510638297872,0.7804878048780488,6.501607711446058,5.5390625000118066
366,0.366,0.7272727272727273,0.6808510638297872,0.7804878048780488,6.501607711446058,5.5390625000118066
367,0.367,0.7126436781609196,0.6739130434782609,0.7560975609756098,6.501607711446058,5.5390625000118066
368,0.368,0.7209302325581395,0.6888888888888889,0.7560975609756098,6.501607711446058,5.5390625000118066
369,0.369,0.7209302325581395,0.6888888888888889,0.7560975609756098,6.501607711446058,5.5390625000118066
370,0.37,0.7209302325581395,0.6888888888888889,0.7560975609756098,6.501607711446058,5.5390625000118066
371,0.371,0.7209302325581395,0.6888888888888889,0.7560975609756098,6.461568648946059,5.499023437511806
372,0.372,0.7209302325581395,0.6888888888888889,0.7560975609756098,6.461568648946059,5.499023437511806
373,0.373,0.7209302325581395,0.6888888888888889,0.7560975609756098,6.461568648946059,5.499023437511806
374,0.374,0.7294117647058823,0.7045454545454546,0.7560975609756098,6.461568648946059,5.499023437511806
375,0.375,0.7380952380952381,0.7209302325581395,0.7560975609756098,6.461568648946059,5.499023437511806
376,0.376,0.7380952380952381,0.7209302325581395,0.7560975609756098,6.421529586446059,5.4589843750118066
377,0.377,0.7380952380952381,0.7209302325581395,0.7560975609756098,6.421529586446059,5.4589843750118066
378,0.378,0.7380952380952381,0.7209302325581395,0.7560975609756098,6.421529586446059,5.4589843750118066
379,0.379,0.7380952380952381,0.7209302325581395,0.7560975609756098,6.421529586446059,5.4589843750118066
380,0.38,0.7380952380952381,0.7209302325581395,0.7560975609756098,6.421529586446059,5.4589843750118066
381,0.381,0.7380952380952381,0.7209302325581395,0.7560975609756098,6.381490523946058,5.418945312511806
382,0.382,0.7380952380952381,0.7209302325581395,0.7560975609756098,6.381490523946058,5.418945312511806
383,0.383,0.7380952380952381,0.7209302325581395,0.7560975609756098,6.381490523946058,5.418945312511806
384,0.384,0.7380952380952381,0.7209302325581395,0.7560975609756098,6.381490523946058,5.418945312511806
385,0.385,0.7380952380952381,0.7209302325581395,0.7560975609756098,6.381490523946058,5.418945312511806
386,0.386,0.7380952380952381,0.7209302325581395,0.7560975609756098,6.381490523946058,5.418945312511806
387,0.387,0.7380952380952381,0.7209302325581395,0.7560975609756098,6.381490523946058,5.418945312511806
388,0.388,0.7380952380952381,0.7209302325581395,0.7560975609756098,6.381490523946058,5.418945312511806
389,0.389,0.7380952380952381,0.7209302325581395,0.7560975609756098,6.381490523946058,5.418945312511806
390,0.39,0.7380952380952381,0.7209302325581395,0.7560975609756098,6.381490523946058,5.418945312511806
391,0.391,0.7380952380952381,0.7209302325581395,0.7560975609756098,6.381490523946058,5.418945312511806
392,0.392,0.7380952380952381,0.7209302325581395,0.7560975609756098,6.381490523946058,5.418945312511806
393,0.393,0.7380952380952381,0.7209302325581395,0.7560975609756098,6.381490523946058,5.418945312511806
394,0.394,0.7380952380952381,0.7209302325581395,0.7560975609756098,6.381490523946058,5.418945312511806
395,0.395,0.7380952380952381,0.7209302325581395,0.7560975609756098,6.381490523946058,5.418945312511806
396,0.396,0.7380952380952381,0.7209302325581395,0.7560975609756098,6.381490523946058,5.418945312511806
397,0.397,0.7380952380952381,0.7209302325581395,0.7560975609756098,6.381490523946058,5.418945312511806
398,0.398,0.7380952380952381,0.7209302325581395,0.7560975609756098,6.381490523946058,5.418945312511806
399,0.399,0.7380952380952381,0.7209302325581395,0.7560975609756098,6.381490523946058,5.418945312511806
400,0.4,0.7380952380952381,0.7209302325581395,0.7560975609756098,6.381490523946058,5.418945312511806
401,0.401,0.7380952380952381,0.7209302325581395,0.7560975609756098,6.381490523946058,5.418945312511806
402,0.402,0.7380952380952381,0.7209302325581395,0.7560975609756098,6.381490523946058,5.418945312511806
403,0.403,0.7380952380952381,0.7209302325581395,0.7560975609756098,6.381490523946058,5.418945312511806
404,0.404,0.7380952380952381,0.7209302325581395,0.7560975609756098,6.381490523946058,5.418945312511806
405,0.405,0.7380952380952381,0.7209302325581395,0.7560975609756098,6.381490523946058,5.418945312511806
406,0.406,0.7380952380952381,0.7209302325581395,0.7560975609756098,6.381490523946058,5.418945312511806
407,0.40700000000000003,0.7469879518072289,0.7380952380952381,0.7560975609756098,6.381490523946058,5.418945312511806
408,0.40800000000000003,0.7469879518072289,0.7380952380952381,0.7560975609756098,6.381490523946058,5.418945312511806
409,0.40900000000000003,0.7469879518072289,0.7380952380952381,0.7560975609756098,6.341451461446058,5.378906250011806
410,0.41000000000000003,0.7317073170731707,0.7317073170731707,0.7317073170731707,6.341451461446058,5.535156250007465
411,0.41100000000000003,0.7317073170731707,0.7317073170731707,0.7317073170731707,6.341451461446058,5.535156250007465
412,0.41200000000000003,0.7317073170731707,0.7317073170731707,0.7317073170731707,6.341451461446058,5.535156250007465
413,0.41300000000000003,0.7317073170731707,0.7317073170731707,0.7317073170731707,6.341451461446058,5.535156250007465
414,0.41400000000000003,0.7317073170731707,0.7317073170731707,0.7317073170731707,6.341451461446058,5.535156250007465
415,0.41500000000000004,0.7317073170731707,0.7317073170731707,0.7317073170731707,6.341451461446058,5.535156250007465
416,0.41600000000000004,0.7317073170731707,0.7317073170731707,0.7317073170731707,6.341451461446058,5.535156250007465
417,0.417,0.7317073170731707,0.7317073170731707,0.7317073170731707,6.341451461446058,5.535156250007465
418,0.418,0.7317073170731707,0.7317073170731707,0.7317073170731707,6.341451461446058,5.535156250007465
419,0.419,0.7317073170731707,0.7317073170731707,0.7317073170731707,6.341451461446058,5.535156250007465
420,0.42,0.7317073170731707,0.7317073170731707,0.7317073170731707,6.341451461446058,5.535156250007465
421,0.421,0.7317073170731707,0.7317073170731707,0.7317073170731707,6.3014123989460575,5.495117187507466
422,0.422,0.7317073170731707,0.7317073170731707,0.7317073170731707,6.3014123989460575,5.495117187507466
423,0.423,0.7317073170731707,0.7317073170731707,0.7317073170731707,6.3014123989460575,5.495117187507466
424,0.424,0.7407407407407407,0.75,0.7317073170731707,6.3014123989460575,5.495117187507466
425,0.425,0.7407407407407407,0.75,0.7317073170731707,6.611820883032219,5.500737878120619
426,0.426,0.7407407407407407,0.75,0.7317073170731707,6.611820883032219,5.500737878120619
427,0.427,0.7407407407407407,0.75,0.7317073170731707,6.611820883032219,5.500737878120619
428,0.428,0.7407407407407407,0.75,0.7317073170731707,6.611820883032219,5.500737878120619
429,0.429,0.7407407407407407,0.75,0.7317073170731707,6.611820883032219,5.500737878120619
430,0.43,0.7407407407407407,0.75,0.7317073170731707,6.611820883032219,5.500737878120619
431,0.431,0.7407407407407407,0.75,0.7317073170731707,6.611820883032219,5.500737878120619
432,0.432,0.7407407407407407,0.75,0.7317073170731707,6.611820883032219,5.500737878120619
433,0.433,0.7407407407407407,0.75,0.7317073170731707,6.611820883032219,5.500737878120619
434,0.434,0.7407407407407407,0.75,0.7317073170731707,6.611820883032219,5.500737878120619
435,0.435,0.7407407407407407,0.75,0.7317073170731707,6.611820883032219,5.500737878120619
436,0.436,0.7407407407407407,0.75,0.7317073170731707,6.611820883032219,5.500737878120619
437,0.437,0.7407407407407407,0.75,0.7317073170731707,6.611820883032219,5.500737878120619
438,0.438,0.7407407407407407,0.75,0.7317073170731707,6.611820883032219,5.500737878120619
439,0.439,0.7407407407407407,0.75,0.7317073170731707,6.611820883032219,5.500737878120619
440,0.44,0.7407407407407407,0.75,0.7317073170731707,6.611820883032219,5.500737878120619
441,0.441,0.75,0.7692307692307693,0.7317073170731707,6.611820883032219,5.500737878120619
442,0.442,0.75,0.7692307692307693,0.7317073170731707,6.611820883032219,5.500737878120619
443,0.443,0.75,0.7692307692307693,0.7317073170731707,6.611820883032219,5.500737878120619
444,0.444,0.75,0.7692307692307693,0.7317073170731707,6.611820883032219,5.500737878120619
445,0.445,0.75,0.7692307692307693,0.7317073170731707,6.611820883032219,5.500737878120619
446,0.446,0.75,0.7692307692307693,0.7317073170731707,6.611820883032219,5.500737878120619
447,0.447,0.75,0.7692307692307693,0.7317073170731707,6.611820883032219,5.500737878120619
448,0.448,0.75,0.7692307692307693,0.7317073170731707,6.611820883032219,5.500737878120619
449,0.449,0.75,0.7692307692307693,0.7317073170731707,6.611820883032219,5.500737878120619
450,0.45,0.75,0.7692307692307693,0.7317073170731707,6.611820883269173,5.813237878108822
451,0.451,0.75,0.7692307692307693,0.7317073170731707,6.611820883269173,5.813237878108822
452,0.452,0.75,0.7692307692307693,0.7317073170731707,6.571781820769173,5.773198815608822
453,0.453,0.75,0.7692307692307693,0.7317073170731707,6.571781820769173,5.773198815608822
454,0.454,0.75,0.7692307692307693,0.7317073170731707,6.531742758269174,5.733159753108822
455,0.455,0.75,0.7692307692307693,0.7317073170731707,6.531742758269174,5.733159753108822
456,0.456,0.75,0.7692307692307693,0.7317073170731707,6.531742758269174,5.733159753108822
457,0.457,0.75,0.7692307692307693,0.7317073170731707,6.531742758269174,5.733159753108822
458,0.458,0.75,0.7692307692307693,0.7317073170731707,6.531742758269174,5.733159753108822
459,0.459,0.7341772151898734,0.7631578947368421,0.7073170731707317,6.842151242355335,6.045659753108821
460,0.46,0.7341772151898734,0.7631578947368421,0.7073170731707317,6.842151242355335,6.045659753108821
461,0.461,0.7341772151898734,0.7631578947368421,0.7073170731707317,6.842151242355335,6.045659753108821
462,0.462,0.7341772151898734,0.7631578947368421,0.7073170731707317,6.842151242355335,6.045659753108821
463,0.463,0.7341772151898734,0.7631578947368421,0.7073170731707317,6.842151242355335,6.045659753108821
464,0.464,0.7341772151898734,0.7631578947368421,0.7073170731707317,6.842151242355335,6.045659753108821
465,0.465,0.7341772151898734,0.7631578947368421,0.7073170731707317,6.842151242355335,6.045659753108821
466,0.466,0.7341772151898734,0.7631578947368421,0.7073170731707317,6.842151242355335,6.045659753108821
467,0.467,0.7341772151898734,0.7631578947368421,0.7073170731707317,6.842151242355335,6.045659753108821
468,0.468,0.7341772151898734,0.7631578947368421,0.7073170731707317,6.842151242355335,6.045659753108821
469,0.46900000000000003,0.7341772151898734,0.7631578947368421,0.7073170731707317,6.842151242355335,6.045659753108821
470,0.47000000000000003,0.7341772151898734,0.7631578947368421,0.7073170731707317,6.842151242355335,6.045659753108821
471,0.47100000000000003,0.7341772151898734,0.7631578947368421,0.7073170731707317,6.842151242355335,6.045659753108821
472,0.47200000000000003,0.7341772151898734,0.7631578947368421,0.7073170731707317,6.8548803118094845,6.045659753108821
473,0.47300000000000003,0.7341772151898734,0.7631578947368421,0.7073170731707317,6.8548803118094845,6.045659753108821
474,0.47400000000000003,0.7341772151898734,0.7631578947368421,0.7073170731707317,6.8548803118094845,6.045659753108821
475,0.47500000000000003,0.7341772151898734,0.7631578947368421,0.7073170731707317,6.8548803118094845,6.045659753108821
476,0.47600000000000003,0.7341772151898734,0.7631578947368421,0.7073170731707317,6.8548803118094845,6.045659753108821
477,0.47700000000000004,0.7341772151898734,0.7631578947368421,0.7073170731707317,6.8548803118094845,6.045659753108821
478,0.47800000000000004,0.7341772151898734,0.7631578947368421,0.7073170731707317,6.8548803118094845,6.045659753108821
479,0.47900000000000004,0.7341772151898734,0.7631578947368421,0.7073170731707317,6.8548803118094845,6.045659753108821
480,0.48,0.7341772151898734,0.7631578947368421,0.7073170731707317,6.8548803118094845,6.045659753108821
481,0.481,0.7341772151898734,0.7631578947368421,0.7073170731707317,6.8148412493094845,6.005620690608822
482,0.482,0.7341772151898734,0.7631578947368421,0.7073170731707317,6.8148412493094845,6.005620690608822
483,0.483,0.7341772151898734,0.7631578947368421,0.7073170731707317,6.8148412493094845,6.005620690608822
484,0.484,0.7341772151898734,0.7631578947368421,0.7073170731707317,6.8148412493094845,6.005620690608822
485,0.485,0.7341772151898734,0.7631578947368421,0.7073170731707317,6.8148412493094845,6.005620690608822
486,0.486,0.7341772151898734,0.7631578947368421,0.7073170731707317,6.8148412493094845,6.005620690608822
487,0.487,0.7341772151898734,0.7631578947368421,0.7073170731707317,6.8148412493094845,6.005620690608822
488,0.488,0.7341772151898734,0.7631578947368421,0.7073170731707317,6.8148412493094845,6.005620690608822
489,0.489,0.7341772151898734,0.7631578947368421,0.7073170731707317,6.8148412493094845,6.005620690608822
490,0.49,0.7341772151898734,0.7631578947368421,0.7073170731707317,6.8148412493094845,6.005620690608822
491,0.491,0.7341772151898734,0.7631578947368421,0.7073170731707317,6.8148412493094845,6.005620690608822
492,0.492,0.7341772151898734,0.7631578947368421,0.7073170731707317,6.8148412493094845,6.005620690608822
493,0.493,0.7341772151898734,0.7631578947368421,0.7073170731707317,6.8148412493094845,6.005620690608822
494,0.494,0.7435897435897436,0.7837837837837838,0.7073170731707317,6.774802186809484,5.965581628108821
495,0.495,0.7435897435897436,0.7837837837837838,0.7073170731707317,6.774802186809484,5.965581628108821
496,0.496,0.7435897435897436,0.7837837837837838,0.7073170731707317,6.774802186809484,5.965581628108821
497,0.497,0.7435897435897436,0.7837837837837838,0.7073170731707317,6.774802186809484,5.965581628108821
498,0.498,0.7435897435897436,0.7837837837837838,0.7073170731707317,6.774802186809484,5.965581628108821
499,0.499,0.7435897435897436,0.7837837837837838,0.7073170731707317,6.774802186809484,5.965581628108821
500,0.5,0.7435897435897436,0.7837837837837838,0.7073170731707317,6.774802186809484,5.965581628108821
501,0.501,0.7435897435897436,0.7837837837837838,0.7073170731707317,6.774802186809484,5.965581628108821
502,0.502,0.7435897435897436,0.7837837837837838,0.7073170731707317,6.774802186809484,5.965581628108821
503,0.503,0.7435897435897436,0.7837837837837838,0.7073170731707317,6.774802186809484,5.965581628108821
504,0.504,0.7435897435897436,0.7837837837837838,0.7073170731707317,6.774802186809484,5.965581628108821
505,0.505,0.7435897435897436,0.7837837837837838,0.7073170731707317,6.774802186809484,5.965581628108821
506,0.506,0.7532467532467533,0.8055555555555556,0.7073170731707317,6.774802186809484,5.965581628108821
507,0.507,0.7532467532467533,0.8055555555555556,0.7073170731707317,6.774802186809484,5.965581628108821
508,0.508,0.7532467532467533,0.8055555555555556,0.7073170731707317,6.774802186809484,5.965581628108821
509,0.509,0.7532467532467533,0.8055555555555556,0.7073170731707317,6.774802186809484,5.965581628108821
510,0.51,0.7532467532467533,0.8055555555555556,0.7073170731707317,6.774802186809484,5.965581628108821
511,0.511,0.7532467532467533,0.8055555555555556,0.7073170731707317,6.6947240618094845,5.885503503108821
512,0.512,0.7532467532467533,0.8055555555555556,0.7073170731707317,6.6947240618094845,5.885503503108821
513,0.513,0.7532467532467533,0.8055555555555556,0.7073170731707317,6.6947240618094845,5.885503503108821
514,0.514,0.7532467532467533,0.8055555555555556,0.7073170731707317,6.6947240618094845,5.885503503108821
515,0.515,0.7532467532467533,0.8055555555555556,0.7073170731707317,6.654684999309484,5.84546444060882
516,0.516,0.7532467532467533,0.8055555555555556,0.7073170731707317,6.654684999309484,5.84546444060882
517,0.517,0.7532467532467533,0.8055555555555556,0.7073170731707317,6.654684999309484,5.84546444060882
518,0.518,0.7532467532467533,0.8055555555555556,0.7073170731707317,6.654684999309484,5.84546444060882
519,0.519,0.7532467532467533,0.8055555555555556,0.7073170731707317,6.654684999309484,5.84546444060882
520,0.52,0.7532467532467533,0.8055555555555556,0.7073170731707317,6.654684999309484,5.84546444060882
521,0.521,0.7532467532467533,0.8055555555555556,0.7073170731707317,6.654684999309484,5.84546444060882
522,0.522,0.7532467532467533,0.8055555555555556,0.7073170731707317,6.654684999309484,5.84546444060882
523,0.523,0.7532467532467533,0.8055555555555556,0.7073170731707317,6.654684999309484,5.84546444060882
524,0.524,0.7532467532467533,0.8055555555555556,0.7073170731707317,6.654684999309484,5.84546444060882
525,0.525,0.7532467532467533,0.8055555555555556,0.7073170731707317,6.654684999309484,5.84546444060882
526,0.526,0.7368421052631579,0.8,0.6829268292682927,6.654684999309484,5.84546444060882
527,0.527,0.7368421052631579,0.8,0.6829268292682927,6.654684999309484,5.84546444060882
528,0.528,0.7368421052631579,0.8,0.6829268292682927,6.654684999309484,5.84546444060882
529,0.529,0.7368421052631579,0.8,0.6829268292682927,6.654684999309484,5.84546444060882
530,0.53,0.7368421052631579,0.8,0.6829268292682927,6.654684999309484,5.84546444060882
531,0.531,0.7368421052631579,0.8,0.6829268292682927,6.654684999309484,5.84546444060882
532,0.532,0.7368421052631579,0.8,0.6829268292682927,6.654684999309484,5.84546444060882
533,0.533,0.7368421052631579,0.8,0.6829268292682927,6.654684999309484,5.84546444060882
534,0.534,0.7368421052631579,0.8,0.6829268292682927,6.654684999309484,5.84546444060882
535,0.535,0.72,0.7941176470588235,0.6585365853658537,6.654684999309484,5.84546444060882
536,0.536,0.72,0.7941176470588235,0.6585365853658537,6.654684999309484,5.84546444060882
537,0.537,0.72,0.7941176470588235,0.6585365853658537,6.654684999309484,5.84546444060882
538,0.538,0.72,0.7941176470588235,0.6585365853658537,6.614645936809484,5.805425378108821
539,0.539,0.72,0.7941176470588235,0.6585365853658537,6.614645936809484,5.805425378108821
540,0.54,0.72,0.7941176470588235,0.6585365853658537,6.614645936809484,5.805425378108821
541,0.541,0.72,0.7941176470588235,0.6585365853658537,6.614645936809484,5.805425378108821
542,0.542,0.72,0.7941176470588235,0.6585365853658537,6.614645936809484,5.805425378108821
543,0.543,0.72,0.7941176470588235,0.6585365853658537,6.614645936809484,5.805425378108821
544,0.544,0.72,0.7941176470588235,0.6585365853658537,6.614645936809484,5.805425378108821
545,0.545,0.72,0.7941176470588235,0.6585365853658537,6.614645936809484,5.805425378108821
546,0.546,0.72,0.7941176470588235,0.6585365853658537,6.614645936809484,5.805425378108821
547,0.547,0.72,0.7941176470588235,0.6585365853658537,6.614645936809484,5.805425378108821
548,0.548,0.72,0.7941176470588235,0.6585365853658537,6.574606874309484,5.765386315608821
549,0.549,0.72,0.7941176470588235,0.6585365853658537,6.574606874309484,5.765386315608821
550,0.55,0.72,0.7941176470588235,0.6585365853658537,6.574606874309484,5.765386315608821
551,0.551,0.72,0.7941176470588235,0.6585365853658537,6.574606874309484,5.765386315608821
552,0.552,0.72,0.7941176470588235,0.6585365853658537,6.574606874309484,5.765386315608821
553,0.553,0.72,0.7941176470588235,0.6585365853658537,6.574606874309484,5.765386315608821
554,0.554,0.72,0.7941176470588235,0.6585365853658537,6.574606874309484,5.765386315608821
555,0.555,0.72,0.7941176470588235,0.6585365853658537,6.574606874309484,5.765386315608821
556,0.556,0.72,0.7941176470588235,0.6585365853658537,6.574606874309484,5.765386315608821
557,0.557,0.72,0.7941176470588235,0.6585365853658537,6.534567811809483,5.725347253108822
558,0.558,0.72,0.7941176470588235,0.6585365853658537,6.534567811809483,5.725347253108822
559,0.559,0.72,0.7941176470588235,0.6585365853658537,6.534567811809483,5.725347253108822
560,0.56,0.72,0.7941176470588235,0.6585365853658537,6.534567811809483,5.725347253108822
561,0.561,0.72,0.7941176470588235,0.6585365853658537,6.534567811809483,5.725347253108822
562,0.562,0.7027027027027027,0.7878787878787878,0.6341463414634146,6.534567811809483,5.725347253108822
563,0.5630000000000001,0.684931506849315,0.78125,0.6097560975609756,6.534567811809483,5.725347253108822
564,0.5640000000000001,0.684931506849315,0.78125,0.6097560975609756,6.534567811809483,5.725347253108822
565,0.5650000000000001,0.684931506849315,0.78125,0.6097560975609756,6.534567811809483,5.725347253108822
566,0.5660000000000001,0.684931506849315,0.78125,0.6097560975609756,6.534567811809483,5.725347253108822
567,0.5670000000000001,0.684931506849315,0.78125,0.6097560975609756,6.534567811809483,5.725347253108822
568,0.5680000000000001,0.684931506849315,0.78125,0.6097560975609756,6.534567811809483,5.725347253108822
569,0.5690000000000001,0.684931506849315,0.78125,0.6097560975609756,6.534567811809483,5.725347253108822
570,0.5700000000000001,0.684931506849315,0.78125,0.6097560975609756,6.534567811809483,5.725347253108822
571,0.5710000000000001,0.684931506849315,0.78125,0.6097560975609756,6.534567811809483,5.725347253108822
572,0.5720000000000001,0.684931506849315,0.78125,0.6097560975609756,6.534567811809483,5.725347253108822
573,0.5730000000000001,0.684931506849315,0.78125,0.6097560975609756,6.534567811809483,5.725347253108822
574,0.5740000000000001,0.684931506849315,0.78125,0.6097560975609756,6.534567811809483,5.725347253108822
575,0.5750000000000001,0.684931506849315,0.78125,0.6097560975609756,6.534567811809483,5.725347253108822
576,0.5760000000000001,0.684931506849315,0.78125,0.6097560975609756,6.534567811809483,5.725347253108822
577,0.577,0.684931506849315,0.78125,0.6097560975609756,6.534567811809483,5.725347253108822
578,0.578,0.684931506849315,0.78125,0.6097560975609756,6.534567811809483,5.725347253108822
579,0.579,0.684931506849315,0.78125,0.6097560975609756,6.804937233395644,5.99780819060882
580,0.58,0.684931506849315,0.78125,0.6097560975609756,6.804937233395644,5.99780819060882
581,0.581,0.684931506849315,0.78125,0.6097560975609756,6.764898170895645,5.957769128108821
582,0.582,0.684931506849315,0.78125,0.6097560975609756,6.764898170895645,5.957769128108821
583,0.583,0.684931506849315,0.78125,0.6097560975609756,6.764898170895645,5.957769128108821
584,0.584,0.684931506849315,0.78125,0.6097560975609756,6.764898170895645,5.957769128108821
585,0.585,0.684931506849315,0.78125,0.6097560975609756,6.764898170895645,5.957769128108821
586,0.586,0.684931506849315,0.78125,0.6097560975609756,6.764898170895645,5.957769128108821
587,0.587,0.684931506849315,0.78125,0.6097560975609756,6.764898170895645,5.957769128108821
588,0.588,0.684931506849315,0.78125,0.6097560975609756,6.764898170895645,5.957769128108821
589,0.589,0.684931506849315,0.78125,0.6097560975609756,6.764898170895645,5.957769128108821
590,0.59,0.684931506849315,0.78125,0.6097560975609756,7.075306654981802,5.957769834460164
591,0.591,0.684931506849315,0.78125,0.6097560975609756,7.035267592481801,5.917730771960163
592,0.592,0.6944444444444444,0.8064516129032258,0.6097560975609756,7.035267592481801,5.917730771960163
593,0.593,0.6944444444444444,0.8064516129032258,0.6097560975609756,7.035267592481801,5.917730771960163
594,0.594,0.6944444444444444,0.8064516129032258,0.6097560975609756,7.035267592481801,5.917730771960163
595,0.595,0.6944444444444444,0.8064516129032258,0.6097560975609756,7.035267592481801,5.917730771960163
596,0.596,0.6944444444444444,0.8064516129032258,0.6097560975609756,7.035267592481801,5.917730771960163
597,0.597,0.6944444444444444,0.8064516129032258,0.6097560975609756,7.035267592481801,5.917730771960163
598,0.598,0.6944444444444444,0.8064516129032258,0.6097560975609756,7.035267592481801,5.917730771960163
599,0.599,0.6944444444444444,0.8064516129032258,0.6097560975609756,7.035267592481801,5.917730771960163
600,0.6,0.6944444444444444,0.8064516129032258,0.6097560975609756,6.995228529981801,5.877691709460164
601,0.601,0.6944444444444444,0.8064516129032258,0.6097560975609756,6.995228529981801,5.877691709460164
602,0.602,0.6944444444444444,0.8064516129032258,0.6097560975609756,6.995228529981801,5.877691709460164
603,0.603,0.6944444444444444,0.8064516129032258,0.6097560975609756,6.995228529981801,5.877691709460164
604,0.604,0.6944444444444444,0.8064516129032258,0.6097560975609756,6.995228529981801,5.877691709460164
605,0.605,0.6944444444444444,0.8064516129032258,0.6097560975609756,6.995228529981801,6.184571017096137
606,0.606,0.6944444444444444,0.8064516129032258,0.6097560975609756,6.955189467481801,6.144531954596136
607,0.607,0.6944444444444444,0.8064516129032258,0.6097560975609756,6.955189467481801,6.144531954596136
608,0.608,0.6944444444444444,0.8064516129032258,0.6097560975609756,6.955189467481801,6.144531954596136
609,0.609,0.6944444444444444,0.8064516129032258,0.6097560975609756,6.955189467481801,6.144531954596136
610,0.61,0.6944444444444444,0.8064516129032258,0.6097560975609756,6.955189467481801,6.144531954596136
611,0.611,0.6944444444444444,0.8064516129032258,0.6097560975609756,6.955189467481801,6.144531954596136
612,0.612,0.6944444444444444,0.8064516129032258,0.6097560975609756,6.955189467481801,6.144531954596136
613,0.613,0.6944444444444444,0.8064516129032258,0.6097560975609756,6.955189467481801,6.144531954596136
614,0.614,0.6944444444444444,0.8064516129032258,0.6097560975609756,6.955189467481801,6.144531954596136
615,0.615,0.6944444444444444,0.8064516129032258,0.6097560975609756,6.955189467481801,6.144531954596136
616,0.616,0.704225352112676,0.8333333333333334,0.6097560975609756,6.957280887801194,6.1445319545961645
617,0.617,0.704225352112676,0.8333333333333334,0.6097560975609756,6.957280887801194,6.1445319545961645
618,0.618,0.704225352112676,0.8333333333333334,0.6097560975609756,6.957280887801194,6.1445319545961645
619,0.619,0.704225352112676,0.8333333333333334,0.6097560975609756,7.1114393718873545,6.1445319545961645
620,0.62,0.704225352112676,0.8333333333333334,0.6097560975609756,7.1114393718873545,6.1445319545961645
621,0.621,0.704225352112676,0.8333333333333334,0.6097560975609756,7.1114393718873545,6.1445319545961645
622,0.622,0.704225352112676,0.8333333333333334,0.6097560975609756,7.1114393718873545,6.1445319545961645
623,0.623,0.704225352112676,0.8333333333333334,0.6097560975609756,7.071400309387356,6.104492892096166
624,0.624,0.704225352112676,0.8333333333333334,0.6097560975609756,7.0313612468873545,6.064453829596165
625,0.625,0.704225352112676,0.8333333333333334,0.6097560975609756,7.0313612468873545,6.064453829596165
626,0.626,0.6857142857142857,0.8275862068965517,0.5853658536585366,7.0313612468873545,6.064453829596165
627,0.627,0.6857142857142857,0.8275862068965517,0.5853658536585366,7.0313612468873545,6.064453829596165
628,0.628,0.6857142857142857,0.8275862068965517,0.5853658536585366,7.0313612468873545,6.064453829596165
629,0.629,0.6857142857142857,0.8275862068965517,0.5853658536585366,7.0313612468873545,6.064453829596165
630,0.63,0.6857142857142857,0.8275862068965517,0.5853658536585366,7.3417697292226425,6.064453829597762
631,0.631,0.6857142857142857,0.8275862068965517,0.5853658536585366,7.3417697292226425,6.064453829597762
632,0.632,0.6857142857142857,0.8275862068965517,0.5853658536585366,7.3417697292226425,6.064453829597762
633,0.633,0.6857142857142857,0.8275862068965517,0.5853658536585366,7.301730666722642,6.0244147670977615
634,0.634,0.6857142857142857,0.8275862068965517,0.5853658536585366,7.301730666722642,6.0244147670977615
635,0.635,0.6857142857142857,0.8275862068965517,0.5853658536585366,7.301730666722642,6.0244147670977615
636,0.636,0.6857142857142857,0.8275862068965517,0.5853658536585366,7.301730666722642,6.0244147670977615
637,0.637,0.6857142857142857,0.8275862068965517,0.5853658536585366,7.610047634894965,6.0244147670977615
638,0.638,0.6857142857142857,0.8275862068965517,0.5853658536585366,7.610047634894965,6.0244147670977615
639,0.639,0.6857142857142857,0.8275862068965517,0.5853658536585366,7.570008572394964,5.984375704597762
640,0.64,0.6857142857142857,0.8275862068965517,0.5853658536585366,7.570008572394964,5.984375704597762
641,0.641,0.6857142857142857,0.8275862068965517,0.5853658536585366,7.529969509894964,5.9443366420977615
642,0.642,0.6857142857142857,0.8275862068965517,0.5853658536585366,7.529969509894964,5.9443366420977615
643,0.643,0.6857142857142857,0.8275862068965517,0.5853658536585366,7.489930447394963,5.9042975795977615
644,0.644,0.6857142857142857,0.8275862068965517,0.5853658536585366,7.489930447394963,5.9042975795977615
645,0.645,0.6857142857142857,0.8275862068965517,0.5853658536585366,7.489930447394963,5.9042975795977615
646,0.646,0.6857142857142857,0.8275862068965517,0.5853658536585366,7.449891384894963,5.8642585170977615
647,0.647,0.6857142857142857,0.8275862068965517,0.5853658536585366,7.449891384894963,5.8642585170977615
648,0.648,0.6857142857142857,0.8275862068965517,0.5853658536585366,7.449891384894963,5.8642585170977615
649,0.649,0.6857142857142857,0.8275862068965517,0.5853658536585366,7.449891384894963,5.8642585170977615
650,0.65,0.6857142857142857,0.8275862068965517,0.5853658536585366,7.449891384894963,5.8642585170977615
651,0.651,0.6857142857142857,0.8275862068965517,0.5853658536585366,7.449891384894963,5.8642585170977615
652,0.652,0.6857142857142857,0.8275862068965517,0.5853658536585366,7.449891384894963,5.8642585170977615
653,0.653,0.6857142857142857,0.8275862068965517,0.5853658536585366,7.449891384894963,5.8642585170977615
654,0.654,0.6857142857142857,0.8275862068965517,0.5853658536585366,7.449891384894963,5.8642585170977615
655,0.655,0.6857142857142857,0.8275862068965517,0.5853658536585366,7.449891384894963,5.8642585170977615
656,0.656,0.6666666666666666,0.8214285714285714,0.5609756097560976,7.479075931205097,5.824219454597761
657,0.657,0.6666666666666666,0.8214285714285714,0.5609756097560976,7.479075931205097,5.824219454597761
658,0.658,0.6666666666666666,0.8214285714285714,0.5609756097560976,7.479075931205097,5.824219454597761
659,0.659,0.6666666666666666,0.8214285714285714,0.5609756097560976,7.479075931205097,5.824219454597761
660,0.66,0.6666666666666666,0.8214285714285714,0.5609756097560976,7.479075931205097,5.824219454597761
661,0.661,0.6666666666666666,0.8214285714285714,0.5609756097560976,7.479075931205097,5.824219454597761
662,0.662,0.6666666666666666,0.8214285714285714,0.5609756097560976,7.479075931205097,5.824219454597761
663,0.663,0.6666666666666666,0.8214285714285714,0.5609756097560976,7.479075931205097,5.824219454597761
664,0.664,0.6666666666666666,0.8214285714285714,0.5609756097560976,7.479075931205097,5.824219454597761
665,0.665,0.6666666666666666,0.8214285714285714,0.5609756097560976,7.479075931205097,5.824219454597761
666,0.666,0.6666666666666666,0.8214285714285714,0.5609756097560976,7.479075931205097,5.824219454597761
667,0.667,0.6666666666666666,0.8214285714285714,0.5609756097560976,7.479075931205097,5.824219454597761
668,0.668,0.6666666666666666,0.8214285714285714,0.5609756097560976,7.479075931205097,5.824219454597761
669,0.669,0.6666666666666666,0.8214285714285714,0.5609756097560976,7.479075931205097,5.824219454597761
670,0.67,0.6666666666666666,0.8214285714285714,0.5609756097560976,7.479075931205097,5.824219454597761
671,0.671,0.6470588235294118,0.8148148148148148,0.5365853658536586,7.482605105904411,5.824219454597761
672,0.672,0.6470588235294118,0.8148148148148148,0.5365853658536586,7.482605105904411,5.824219454597761
673,0.673,0.6470588235294118,0.8148148148148148,0.5365853658536586,7.482605105904411,5.824219454597761
674,0.674,0.6470588235294118,0.8148148148148148,0.5365853658536586,7.482605105904411,5.824219454597761
675,0.675,0.6567164179104478,0.8461538461538461,0.5365853658536586,7.482605105904411,5.824219454597761
676,0.676,0.6567164179104478,0.8461538461538461,0.5365853658536586,7.442566043404411,5.7841803920977615
677,0.677,0.6567164179104478,0.8461538461538461,0.5365853658536586,7.442566043404411,5.7841803920977615
678,0.678,0.6567164179104478,0.8461538461538461,0.5365853658536586,7.442566043404411,5.7841803920977615
679,0.679,0.6567164179104478,0.8461538461538461,0.5365853658536586,7.442566043404411,5.7841803920977615
680,0.68,0.6567164179104478,0.8461538461538461,0.5365853658536586,7.442566043404411,5.7841803920977615
681,0.681,0.6567164179104478,0.8461538461538461,0.5365853658536586,7.442566043404411,5.7841803920977615
682,0.682,0.6567164179104478,0.8461538461538461,0.5365853658536586,7.442566043404411,5.7841803920977615
683,0.683,0.6567164179104478,0.8461538461538461,0.5365853658536586,7.442566043404411,5.7841803920977615
684,0.684,0.6567164179104478,0.8461538461538461,0.5365853658536586,7.442566043404411,5.7841803920977615
685,0.685,0.6567164179104478,0.8461538461538461,0.5365853658536586,7.442566043404411,5.7841803920977615
686,0.686,0.6567164179104478,0.8461538461538461,0.5365853658536586,7.402526980904412,5.7441413295977615
687,0.687,0.6567164179104478,0.8461538461538461,0.5365853658536586,7.402526980904412,5.7441413295977615
688,0.6880000000000001,0.6567164179104478,0.8461538461538461,0.5365853658536586,7.402526980904412,5.7441413295977615
689,0.6890000000000001,0.6567164179104478,0.8461538461538461,0.5365853658536586,7.402526980904412,5.7441413295977615
690,0.6900000000000001,0.6567164179104478,0.8461538461538461,0.5365853658536586,7.402526980904412,5.7441413295977615
691,0.6910000000000001,0.6567164179104478,0.8461538461538461,0.5365853658536586,7.402526980904412,5.7441413295977615
692,0.6920000000000001,0.6567164179104478,0.8461538461538461,0.5365853658536586,7.402526980904412,5.7441413295977615
693,0.6930000000000001,0.6567164179104478,0.8461538461538461,0.5365853658536586,7.402526980904412,5.7441413295977615
694,0.6940000000000001,0.6567164179104478,0.8461538461538461,0.5365853658536586,7.402526980904412,5.7441413295977615
695,0.6950000000000001,0.6567164179104478,0.8461538461538461,0.5365853658536586,7.402526980904412,5.7441413295977615
696,0.6960000000000001,0.6567164179104478,0.8461538461538461,0.5365853658536586,7.402526980904412,5.7441413295977615
697,0.6970000000000001,0.6567164179104478,0.8461538461538461,0.5365853658536586,7.402526980904412,5.7441413295977615
698,0.6980000000000001,0.6567164179104478,0.8461538461538461,0.5365853658536586,7.402526980904412,5.7441413295977615
699,0.6990000000000001,0.6567164179104478,0.8461538461538461,0.5365853658536586,7.36248791840441,5.704102267097761
700,0.7000000000000001,0.6567164179104478,0.8461538461538461,0.5365853658536586,7.36248791840441,5.704102267097761
701,0.7010000000000001,0.6567164179104478,0.8461538461538461,0.5365853658536586,7.36248791840441,5.704102267097761
702,0.7020000000000001,0.6567164179104478,0.8461538461538461,0.5365853658536586,7.36248791840441,5.704102267097761
703,0.7030000000000001,0.6567164179104478,0.8461538461538461,0.5365853658536586,7.36248791840441,5.704102267097761
704,0.704,0.6567164179104478,0.8461538461538461,0.5365853658536586,7.36248791840441,5.704102267097761
705,0.705,0.6567164179104478,0.8461538461538461,0.5365853658536586,7.36248791840441,5.704102267097761
706,0.706,0.6567164179104478,0.8461538461538461,0.5365853658536586,7.36248791840441,5.704102267097761
707,0.707,0.6567164179104478,0.8461538461538461,0.5365853658536586,7.36248791840441,5.704102267097761
708,0.708,0.6363636363636364,0.84,0.5121951219512195,7.36248791840441,5.704102267097761
709,0.709,0.6363636363636364,0.84,0.5121951219512195,7.36248791840441,5.704102267097761
710,0.71,0.6363636363636364,0.84,0.5121951219512195,7.36248791840441,5.704102267097761
711,0.711,0.6363636363636364,0.84,0.5121951219512195,7.36248791840441,5.704102267097761
712,0.712,0.6363636363636364,0.84,0.5121951219512195,7.36248791840441,5.704102267097761
713,0.713,0.6363636363636364,0.84,0.5121951219512195,7.36248791840441,5.704102267097761
714,0.714,0.6363636363636364,0.84,0.5121951219512195,7.36248791840441,5.704102267097761
715,0.715,0.6363636363636364,0.84,0.5121951219512195,7.36248791840441,5.704102267097761
716,0.716,0.6363636363636364,0.84,0.5121951219512195,7.322448855904409,5.6640632045977615
717,0.717,0.6363636363636364,0.84,0.5121951219512195,7.282409793404411,5.62402414209776
718,0.718,0.6363636363636364,0.84,0.5121951219512195,7.282409793404411,5.62402414209776
719,0.719,0.6363636363636364,0.84,0.5121951219512195,7.282409793404411,5.62402414209776
720,0.72,0.6363636363636364,0.84,0.5121951219512195,7.282409793404411,5.62402414209776
721,0.721,0.6363636363636364,0.84,0.5121951219512195,7.282409793404411,5.62402414209776
722,0.722,0.6363636363636364,0.84,0.5121951219512195,7.282409793404411,5.62402414209776
723,0.723,0.6363636363636364,0.84,0.5121951219512195,7.282409793404411,5.62402414209776
724,0.724,0.6363636363636364,0.84,0.5121951219512195,7.282409793404411,5.62402414209776
725,0.725,0.6363636363636364,0.84,0.5121951219512195,7.282409793404411,5.62402414209776
726,0.726,0.6363636363636364,0.84,0.5121951219512195,7.282409793404411,5.62402414209776
727,0.727,0.6363636363636364,0.84,0.5121951219512195,7.24237073090441,5.583985079597761
728,0.728,0.6363636363636364,0.84,0.5121951219512195,7.24237073090441,5.583985079597761
729,0.729,0.6363636363636364,0.84,0.5121951219512195,7.24237073090441,5.583985079597761
730,0.73,0.6363636363636364,0.84,0.5121951219512195,7.24237073090441,5.583985079597761
731,0.731,0.6363636363636364,0.84,0.5121951219512195,7.24237073090441,5.583985079597761
732,0.732,0.6461538461538462,0.875,0.5121951219512195,7.20233166840441,5.54394601709776
733,0.733,0.6461538461538462,0.875,0.5121951219512195,7.20233166840441,5.54394601709776
734,0.734,0.625,0.8695652173913043,0.4878048780487805,7.162292605904411,5.503906954597761
735,0.735,0.625,0.8695652173913043,0.4878048780487805,7.162292605904411,5.503906954597761
736,0.736,0.625,0.8695652173913043,0.4878048780487805,7.162292605904411,5.503906954597761
737,0.737,0.625,0.8695652173913043,0.4878048780487805,7.162292605904411,5.503906954597761
738,0.738,0.625,0.8695652173913043,0.4878048780487805,7.162292605904411,5.503906954597761
739,0.739,0.625,0.8695652173913043,0.4878048780487805,7.162292605904411,5.503906954597761
740,0.74,0.625,0.8695652173913043,0.4878048780487805,7.162292605904411,5.503906954597761
741,0.741,0.625,0.8695652173913043,0.4878048780487805,7.162292605904411,5.503906954597761
742,0.742,0.625,0.8695652173913043,0.4878048780487805,7.162292605904411,5.503906954597761
743,0.743,0.6349206349206349,0.9090909090909091,0.4878048780487805,7.162292605904411,5.503906954597761
744,0.744,0.6349206349206349,0.9090909090909091,0.4878048780487805,7.162292605904411,5.503906954597761
745,0.745,0.6349206349206349,0.9090909090909091,0.4878048780487805,7.162292605904411,5.503906954597761
746,0.746,0.6349206349206349,0.9090909090909091,0.4878048780487805,7.162292605904411,5.503906954597761
747,0.747,0.6349206349206349,0.9090909090909091,0.4878048780487805,7.162292605904411,5.503906954597761
748,0.748,0.6349206349206349,0.9090909090909091,0.4878048780487805,7.162292605904411,5.503906954597761
749,0.749,0.6349206349206349,0.9090909090909091,0.4878048780487805,7.08221448090441,5.42382882959776
750,0.75,0.6349206349206349,0.9090909090909091,0.4878048780487805,7.084305996818249,5.736328829597761
751,0.751,0.6349206349206349,0.9090909090909091,0.4878048780487805,7.084305996818249,5.736328829597761
752,0.752,0.6349206349206349,0.9090909090909091,0.4878048780487805,7.084305996818249,5.736328829597761
753,0.753,0.6349206349206349,0.9090909090909091,0.4878048780487805,7.044266934318248,5.69628976709776
754,0.754,0.6349206349206349,0.9090909090909091,0.4878048780487805,7.044266934318248,5.69628976709776
755,0.755,0.6349206349206349,0.9090909090909091,0.4878048780487805,7.044266934318248,5.69628976709776
756,0.756,0.6349206349206349,0.9090909090909091,0.4878048780487805,7.004227871818249,5.656250704597761
757,0.757,0.6349206349206349,0.9090909090909091,0.4878048780487805,6.964188809318247,5.616211642097759
758,0.758,0.6349206349206349,0.9090909090909091,0.4878048780487805,6.964188809318247,5.616211642097759
759,0.759,0.6349206349206349,0.9090909090909091,0.4878048780487805,6.924149746818248,5.57617257959776
760,0.76,0.6349206349206349,0.9090909090909091,0.4878048780487805,6.924149746818248,5.57617257959776
761,0.761,0.6349206349206349,0.9090909090909091,0.4878048780487805,6.924149746818248,5.57617257959776
762,0.762,0.6349206349206349,0.9090909090909091,0.4878048780487805,6.924149746818248,5.57617257959776
763,0.763,0.6349206349206349,0.9090909090909091,0.4878048780487805,6.924149746818248,5.57617257959776
764,0.764,0.6349206349206349,0.9090909090909091,0.4878048780487805,6.884110684318248,5.536133517097759
765,0.765,0.6349206349206349,0.9090909090909091,0.4878048780487805,7.1942344649061605,5.536133517097759
766,0.766,0.6349206349206349,0.9090909090909091,0.4878048780487805,7.1942344649061605,5.536133517097759
767,0.767,0.6349206349206349,0.9090909090909091,0.4878048780487805,7.1942344649061605,5.536133518848634
768,0.768,0.6129032258064516,0.9047619047619048,0.4634146341463415,7.1942344649061605,5.536133518848634
769,0.769,0.6129032258064516,0.9047619047619048,0.4634146341463415,7.1942344649061605,5.536133518848634
770,0.77,0.6129032258064516,0.9047619047619048,0.4634146341463415,7.1942344649061605,5.536133518848634
771,0.771,0.6129032258064516,0.9047619047619048,0.4634146341463415,7.1942344649061605,5.536133518848634
772,0.772,0.6129032258064516,0.9047619047619048,0.4634146341463415,7.1942344649061605,5.536133518848634
773,0.773,0.6129032258064516,0.9047619047619048,0.4634146341463415,7.1942344649061605,5.536133518848634
774,0.774,0.6129032258064516,0.9047619047619048,0.4634146341463415,7.154195402406158,5.496094456348633
775,0.775,0.6129032258064516,0.9047619047619048,0.4634146341463415,7.154195402406158,5.496094456348633
776,0.776,0.6129032258064516,0.9047619047619048,0.4634146341463415,7.154195402406158,5.496094456348633
777,0.777,0.6129032258064516,0.9047619047619048,0.4634146341463415,7.154195402406158,5.496094456348633
778,0.778,0.6129032258064516,0.9047619047619048,0.4634146341463415,7.367830622860046,5.496094456348633
779,0.779,0.6129032258064516,0.9047619047619048,0.4634146341463415,7.327791560360046,5.456055393848634
780,0.78,0.6129032258064516,0.9047619047619048,0.4634146341463415,7.327791560360046,5.456055393848634
781,0.781,0.6129032258064516,0.9047619047619048,0.4634146341463415,7.327791560360046,5.456055393848634
782,0.782,0.6129032258064516,0.9047619047619048,0.4634146341463415,7.327791560360046,5.456055393848634
783,0.783,0.6129032258064516,0.9047619047619048,0.4634146341463415,7.327791560360046,5.456055393848634
784,0.784,0.6129032258064516,0.9047619047619048,0.4634146341463415,7.327791560360046,5.456055393848634
785,0.785,0.6129032258064516,0.9047619047619048,0.4634146341463415,7.327791560360046,5.456055393848634
786,0.786,0.6129032258064516,0.9047619047619048,0.4634146341463415,7.327791560360046,5.456055393848634
787,0.787,0.6129032258064516,0.9047619047619048,0.4634146341463415,7.327791560360046,5.456055393848634
788,0.788,0.6129032258064516,0.9047619047619048,0.4634146341463415,7.327791560360046,5.456055393848634
789,0.789,0.6129032258064516,0.9047619047619048,0.4634146341463415,7.327791560360046,5.456055393848634
790,0.79,0.6129032258064516,0.9047619047619048,0.4634146341463415,7.327791560360046,5.456055393848634
791,0.791,0.6129032258064516,0.9047619047619048,0.4634146341463415,7.327791560360046,5.456055393848634
792,0.792,0.6129032258064516,0.9047619047619048,0.4634146341463415,7.327791560360046,5.456055393848634
793,0.793,0.6229508196721312,0.95,0.4634146341463415,7.327791560360046,5.456055393848634
794,0.794,0.6229508196721312,0.95,0.4634146341463415,7.40974423862433,5.456055393848634
795,0.795,0.6229508196721312,0.95,0.4634146341463415,7.369705176124331,5.416016331348632
796,0.796,0.6229508196721312,0.95,0.4634146341463415,7.329666113624331,5.375977268852972
797,0.797,0.6229508196721312,0.95,0.4634146341463415,7.329666113624331,5.375977268852972
798,0.798,0.6229508196721312,0.95,0.4634146341463415,7.329666113624331,5.375977268852972
799,0.799,0.6229508196721312,0.95,0.4634146341463415,7.329666113624331,5.375977268852972
800,0.8,0.6229508196721312,0.95,0.4634146341463415,7.329666113624331,5.375977268852972
801,0.801,0.6229508196721312,0.95,0.4634146341463415,7.28962705112433,5.335938206352973
802,0.802,0.6229508196721312,0.95,0.4634146341463415,7.24958798862433,5.295899143852971
803,0.803,0.6229508196721312,0.95,0.4634146341463415,7.24958798862433,5.295899143852971
804,0.804,0.6229508196721312,0.95,0.4634146341463415,7.559996472710491,5.608399143852971
805,0.805,0.6229508196721312,0.95,0.4634146341463415,7.559996472710491,5.608399143852971
806,0.806,0.6229508196721312,0.95,0.4634146341463415,7.559996472710491,5.608399143852971
807,0.807,0.6229508196721312,0.95,0.4634146341463415,7.559996472710491,5.608399143852971
808,0.808,0.6229508196721312,0.95,0.4634146341463415,7.559996472710491,5.608399143852971
809,0.809,0.6229508196721312,0.95,0.4634146341463415,7.559996472710491,5.608399143852971
810,0.81,0.6229508196721312,0.95,0.4634146341463415,7.591626695229251,5.608399143852971
811,0.811,0.6229508196721312,0.95,0.4634146341463415,7.591626695229251,5.608399143852971
812,0.812,0.6229508196721312,0.95,0.4634146341463415,7.591626695229251,5.608399143852971
813,0.8130000000000001,0.6229508196721312,0.95,0.4634146341463415,7.591626695229251,5.608399143852971
814,0.8140000000000001,0.6229508196721312,0.95,0.4634146341463415,7.591626695229251,5.608399143852971
815,0.8150000000000001,0.6229508196721312,0.95,0.4634146341463415,7.591626695229251,5.608399143852971
816,0.8160000000000001,0.6229508196721312,0.95,0.4634146341463415,7.591626695229251,5.608399143852971
817,0.8170000000000001,0.6229508196721312,0.95,0.4634146341463415,7.591626695229251,5.608399143852971
818,0.8180000000000001,0.6229508196721312,0.95,0.4634146341463415,7.591626695229251,5.608399143852971
819,0.8190000000000001,0.6229508196721312,0.95,0.4634146341463415,7.591626695229251,5.608399143852971
820,0.8200000000000001,0.6229508196721312,0.95,0.4634146341463415,7.591626695229251,5.608399143852971
821,0.8210000000000001,0.6229508196721312,0.95,0.4634146341463415,7.902035179315411,5.920899143852972
822,0.8220000000000001,0.6229508196721312,0.95,0.4634146341463415,7.902035179315411,5.920899143852972
823,0.8230000000000001,0.6229508196721312,0.95,0.4634146341463415,7.861996116815409,5.880860081352972
824,0.8240000000000001,0.6229508196721312,0.95,0.4634146341463415,7.861996116815409,5.880860081352972
825,0.8250000000000001,0.6229508196721312,0.95,0.4634146341463415,7.861996116815409,5.880860081352972
826,0.8260000000000001,0.6229508196721312,0.95,0.4634146341463415,7.861996116815409,5.880860081352972
827,0.8270000000000001,0.6229508196721312,0.95,0.4634146341463415,7.821957054315409,5.840821018852973
828,0.8280000000000001,0.6229508196721312,0.95,0.4634146341463415,7.821957054315409,5.840821018852973
829,0.8290000000000001,0.6229508196721312,0.95,0.4634146341463415,7.821957054315409,5.840821018852973
830,0.8300000000000001,0.6229508196721312,0.95,0.4634146341463415,7.821957054315409,5.840821018852973
831,0.8310000000000001,0.6229508196721312,0.95,0.4634146341463415,7.821957054315409,5.840821018852973
832,0.8320000000000001,0.6229508196721312,0.95,0.4634146341463415,7.821957054315409,5.840821018852973
833,0.833,0.6,0.9473684210526315,0.43902439024390244,7.781917991815409,5.800781956352972
834,0.834,0.6,0.9473684210526315,0.43902439024390244,7.781917991815409,5.800781956352972
835,0.835,0.6,0.9473684210526315,0.43902439024390244,7.781917991815409,5.800781956352972
836,0.836,0.6,0.9473684210526315,0.43902439024390244,7.781917991815409,5.800781956352972
837,0.837,0.6,0.9473684210526315,0.43902439024390244,7.781917991815409,5.800781956352972
838,0.838,0.6,0.9473684210526315,0.43902439024390244,7.781917991815409,5.800781956352972
839,0.839,0.6,0.9473684210526315,0.43902439024390244,7.781917991815409,5.800781956352972
840,0.84,0.6,0.9473684210526315,0.43902439024390244,7.781917991815409,5.800781956352972
841,0.841,0.6,0.9473684210526315,0.43902439024390244,7.781917991815409,5.800781956352972
842,0.842,0.576271186440678,0.9444444444444444,0.4146341463414634,7.781917991815409,5.800781956352972
843,0.843,0.576271186440678,0.9444444444444444,0.4146341463414634,7.781917991815414,6.113281249989831
844,0.844,0.576271186440678,0.9444444444444444,0.4146341463414634,8.092326475901576,6.42578124998983
845,0.845,0.576271186440678,0.9444444444444444,0.4146341463414634,8.092326475901576,6.42578124998983
846,0.846,0.576271186440678,0.9444444444444444,0.4146341463414634,8.10710850046457,6.42578124998983
847,0.847,0.576271186440678,0.9444444444444444,0.4146341463414634,8.10710850046457,6.42578124998983
848,0.848,0.576271186440678,0.9444444444444444,0.4146341463414634,8.10710850046457,6.42578124998983
849,0.849,0.576271186440678,0.9444444444444444,0.4146341463414634,8.10710850046457,6.42578124998983
850,0.85,0.576271186440678,0.9444444444444444,0.4146341463414634,8.10710850046457,6.42578124998983
851,0.851,0.576271186440678,0.9444444444444444,0.4146341463414634,8.10710850046457,6.42578124998983
852,0.852,0.576271186440678,0.9444444444444444,0.4146341463414634,8.10710850046457,6.42578124998983
853,0.853,0.576271186440678,0.9444444444444444,0.4146341463414634,8.10710850046457,6.42578124998983
854,0.854,0.576271186440678,0.9444444444444444,0.4146341463414634,8.10710850046457,6.42578124998983
855,0.855,0.576271186440678,0.9444444444444444,0.4146341463414634,8.41751698455073,6.738281249989832
856,0.856,0.576271186440678,0.9444444444444444,0.4146341463414634,8.41751698455073,6.738281249989832
857,0.857,0.576271186440678,0.9444444444444444,0.4146341463414634,8.41751698455073,6.738281249989832
858,0.858,0.576271186440678,0.9444444444444444,0.4146341463414634,8.41751698455073,6.738281249989832
859,0.859,0.576271186440678,0.9444444444444444,0.4146341463414634,8.41751698455073,6.738281249989832
860,0.86,0.576271186440678,0.9444444444444444,0.4146341463414634,8.41751698455073,6.738281249989832
861,0.861,0.5517241379310345,0.9411764705882353,0.3902439024390244,8.41751698455073,6.738281249989832
862,0.862,0.5517241379310345,0.9411764705882353,0.3902439024390244,8.41751698455073,6.738281249989832
863,0.863,0.5517241379310345,0.9411764705882353,0.3902439024390244,8.41751698455073,6.738281249989832
864,0.864,0.5517241379310345,0.9411764705882353,0.3902439024390244,8.41751698455073,6.738281249989832
865,0.865,0.5517241379310345,0.9411764705882353,0.3902439024390244,8.41751698455073,6.738281249989832
866,0.866,0.5517241379310345,0.9411764705882353,0.3902439024390244,8.41751698455073,6.738281249989832
867,0.867,0.5517241379310345,0.9411764705882353,0.3902439024390244,8.41751698455073,6.738281249989832
868,0.868,0.5517241379310345,0.9411764705882353,0.3902439024390244,8.41751698455073,6.738281249989832
869,0.869,0.5517241379310345,0.9411764705882353,0.3902439024390244,8.41751698455073,6.738281249989832
870,0.87,0.5517241379310345,0.9411764705882353,0.3902439024390244,8.41751698455073,6.738281249989832
871,0.871,0.5517241379310345,0.9411764705882353,0.3902439024390244,8.41751698455073,6.738281249989832
872,0.872,0.5517241379310345,0.9411764705882353,0.3902439024390244,8.37747792205073,6.69824218748983
873,0.873,0.5517241379310345,0.9411764705882353,0.3902439024390244,8.37747792205073,6.69824218748983
874,0.874,0.5517241379310345,0.9411764705882353,0.3902439024390244,8.37747792205073,6.69824218748983
875,0.875,0.5517241379310345,0.9411764705882353,0.3902439024390244,8.37747792205073,6.69824218748983
876,0.876,0.5263157894736842,0.9375,0.36585365853658536,8.37747792205073,6.69824218748983
877,0.877,0.5263157894736842,0.9375,0.36585365853658536,8.37747792205073,6.69824218748983
878,0.878,0.5263157894736842,0.9375,0.36585365853658536,8.37747792205073,6.69824218748983
879,0.879,0.5263157894736842,0.9375,0.36585365853658536,8.33743885955073,6.658203124989831
880,0.88,0.5263157894736842,0.9375,0.36585365853658536,8.29739979705073,6.618164062489831
881,0.881,0.5263157894736842,0.9375,0.36585365853658536,8.29739979705073,6.618164062489831
882,0.882,0.5263157894736842,0.9375,0.36585365853658536,8.29739979705073,6.618164062489831
883,0.883,0.5263157894736842,0.9375,0.36585365853658536,8.29739979705073,6.618164062489831
884,0.884,0.5263157894736842,0.9375,0.36585365853658536,8.29739979705073,6.618164062489831
885,0.885,0.5263157894736842,0.9375,0.36585365853658536,8.29739979705073,6.618164062489831
886,0.886,0.5263157894736842,0.9375,0.36585365853658536,8.29739979705073,6.618164062489831
887,0.887,0.5263157894736842,0.9375,0.36585365853658536,8.25736073455073,6.57812499998983
888,0.888,0.5263157894736842,0.9375,0.36585365853658536,8.257360736301603,6.615375913120146
889,0.889,0.5263157894736842,0.9375,0.36585365853658536,8.257360736301603,6.615375913120146
890,0.89,0.5263157894736842,0.9375,0.36585365853658536,8.257360736301603,6.615375913120146
891,0.891,0.5263157894736842,0.9375,0.36585365853658536,8.217321673801603,6.575336850620146
892,0.892,0.5263157894736842,0.9375,0.36585365853658536,8.217321673801603,6.575336850620146
893,0.893,0.5263157894736842,0.9375,0.36585365853658536,8.217321673801603,6.575336850620146
894,0.894,0.5,0.9333333333333333,0.34146341463414637,8.445777477872605,6.575336850621742
895,0.895,0.5,0.9333333333333333,0.34146341463414637,8.445777477872605,6.575336850621742
896,0.896,0.5,0.9333333333333333,0.34146341463414637,8.445777477872605,6.575336850621742
897,0.897,0.5,0.9333333333333333,0.34146341463414637,8.445777477872605,6.575336850621742
898,0.898,0.5,0.9333333333333333,0.34146341463414637,8.445777477872605,6.575336850621742
899,0.899,0.5,0.9333333333333333,0.34146341463414637,8.445777477872605,6.575336850621742
900,0.9,0.5,0.9333333333333333,0.34146341463414637,8.445777477872605,6.575336850621742
901,0.901,0.4444444444444444,0.9230769230769231,0.2926829268292683,8.445777477872605,6.575336850621742
902,0.902,0.4444444444444444,0.9230769230769231,0.2926829268292683,8.445777477872605,6.575336850621742
903,0.903,0.4444444444444444,0.9230769230769231,0.2926829268292683,8.706205979372704,6.575336850621742
904,0.904,0.4444444444444444,0.9230769230769231,0.2926829268292683,8.666166916872704,6.535297788121741
905,0.905,0.4444444444444444,0.9230769230769231,0.2926829268292683,8.666166916872704,6.535297788121741
906,0.906,0.4444444444444444,0.9230769230769231,0.2926829268292683,8.666166916872704,6.535297788121741
907,0.907,0.4444444444444444,0.9230769230769231,0.2926829268292683,8.666166916872704,6.535297788121741
908,0.908,0.4444444444444444,0.9230769230769231,0.2926829268292683,8.666166916872704,6.535297788121741
909,0.909,0.41509433962264153,0.9166666666666666,0.2682926829268293,8.894338019196331,6.535297788121741
910,0.91,0.41509433962264153,0.9166666666666666,0.2682926829268293,9.048496503282491,6.535297788121741
911,0.911,0.41509433962264153,0.9166666666666666,0.2682926829268293,9.048496503282491,6.535297788121741
912,0.912,0.41509433962264153,0.9166666666666666,0.2682926829268293,9.048496503282491,6.535297788121741
913,0.913,0.41509433962264153,0.9166666666666666,0.2682926829268293,9.271331618491214,6.535297788121741
914,0.914,0.41509433962264153,0.9166666666666666,0.2682926829268293,9.271331618491214,6.535297788121741
915,0.915,0.41509433962264153,0.9166666666666666,0.2682926829268293,9.271331618491214,6.535297788121741
916,0.916,0.39215686274509803,1.0,0.24390243902439024,9.271331618491214,6.535297788121741
917,0.917,0.39215686274509803,1.0,0.24390243902439024,9.581740102577378,6.847797788121743
918,0.918,0.39215686274509803,1.0,0.24390243902439024,9.581740102577378,6.847797788133539
919,0.919,0.39215686274509803,1.0,0.24390243902439024,9.581740102577378,6.847797788133539
920,0.92,0.39215686274509803,1.0,0.24390243902439024,9.583817431657247,6.847797788133539
921,0.921,0.39215686274509803,1.0,0.24390243902439024,9.583817431657247,6.847797788133539
922,0.922,0.39215686274509803,1.0,0.24390243902439024,9.583817431657247,6.847797788133539
923,0.923,0.39215686274509803,1.0,0.24390243902439024,9.583817431657247,6.847797788133539
924,0.924,0.39215686274509803,1.0,0.24390243902439024,9.583817431657247,6.847797788133539
925,0.925,0.39215686274509803,1.0,0.24390243902439024,9.583817431657247,6.847797788133539
926,0.926,0.39215686274509803,1.0,0.24390243902439024,9.543778369157245,6.807758725633538
927,0.927,0.39215686274509803,1.0,0.24390243902439024,9.503739306657245,6.76771966313354
928,0.928,0.39215686274509803,1.0,0.24390243902439024,9.503739306657245,6.76771966313354
929,0.929,0.39215686274509803,1.0,0.24390243902439024,9.463700244157245,6.727680600633537
930,0.93,0.39215686274509803,1.0,0.24390243902439024,9.463700244157245,6.727680600633537
931,0.931,0.39215686274509803,1.0,0.24390243902439024,9.463700244157245,6.727680600633537
932,0.932,0.39215686274509803,1.0,0.24390243902439024,9.463700244157245,6.727680600633537
933,0.933,0.39215686274509803,1.0,0.24390243902439024,9.423661181657245,6.687641538133537
934,0.934,0.39215686274509803,1.0,0.24390243902439024,9.423661181657245,6.687641538133537
935,0.935,0.39215686274509803,1.0,0.24390243902439024,9.423661181657245,6.687641538133537
936,0.936,0.39215686274509803,1.0,0.24390243902439024,9.423661181657245,6.687641538133537
937,0.937,0.36,1.0,0.21951219512195122,9.42719035635656,6.687641538133537
938,0.9380000000000001,0.36,1.0,0.21951219512195122,9.473983637402771,6.687641538133537
939,0.9390000000000001,0.36,1.0,0.21951219512195122,9.473983637402771,6.687641538133537
940,0.9400000000000001,0.32653061224489793,1.0,0.1951219512195122,9.784392121488931,7.000141538133538
941,0.9410000000000001,0.32653061224489793,1.0,0.1951219512195122,9.784392121488931,7.000141538133538
942,0.9420000000000001,0.32653061224489793,1.0,0.1951219512195122,9.784676823236307,7.000141538135134
943,0.9430000000000001,0.32653061224489793,1.0,0.1951219512195122,9.784676823236307,7.000141538135134
944,0.9440000000000001,0.32653061224489793,1.0,0.1951219512195122,9.784676823236307,7.000141538135134
945,0.9450000000000001,0.32653061224489793,1.0,0.1951219512195122,9.784676823236307,7.000141538135134
946,0.9460000000000001,0.2916666666666667,1.0,0.17073170731707318,10.055046246541274,7.272602475720709
947,0.9470000000000001,0.2553191489361702,1.0,0.14634146341463414,10.055046246541274,7.272602475720709
948,0.9480000000000001,0.2553191489361702,1.0,0.14634146341463414,10.055046246541274,7.272602475720709
949,0.9490000000000001,0.21739130434782608,1.0,0.12195121951219512,10.055046246541274,7.272602475720709
950,0.9500000000000001,0.21739130434782608,1.0,0.12195121951219512,10.055046246541274,7.272602475720709
951,0.9510000000000001,0.21739130434782608,1.0,0.12195121951219512,10.015007184041274,7.232563413220708
952,0.9520000000000001,0.21739130434782608,1.0,0.12195121951219512,10.015007184041274,7.232563413220708
953,0.9530000000000001,0.21739130434782608,1.0,0.12195121951219512,10.015007184041274,7.232563413220708
954,0.9540000000000001,0.21739130434782608,1.0,0.12195121951219512,10.015007184041274,7.232563413220708
955,0.9550000000000001,0.21739130434782608,1.0,0.12195121951219512,10.015007184041274,7.232563413220708
956,0.9560000000000001,0.21739130434782608,1.0,0.12195121951219512,10.325130964629183,7.232563413220708
957,0.9570000000000001,0.21739130434782608,1.0,0.12195121951219512,10.325130964629183,7.232563413220708
958,0.9580000000000001,0.21739130434782608,1.0,0.12195121951219512,10.595500386215347,7.505024350720708
959,0.9590000000000001,0.21739130434782608,1.0,0.12195121951219512,10.555461323715345,7.464985288220707
960,0.96,0.21739130434782608,1.0,0.12195121951219512,10.515422261215345,7.424946225720709
961,0.961,0.21739130434782608,1.0,0.12195121951219512,10.515436447405206,7.424946225725047
962,0.962,0.21739130434782608,1.0,0.12195121951219512,10.475397384905202,7.384907163225048
963,0.963,0.17777777777777778,1.0,0.0975609756097561,10.785805868991364,7.697407163225048
964,0.964,0.17777777777777778,1.0,0.0975609756097561,10.745766806491366,7.657368100725048
965,0.965,0.17777777777777778,1.0,0.0975609756097561,10.745766806491366,7.657368100725048
966,0.966,0.17777777777777778,1.0,0.0975609756097561,11.056173370522963,7.65736810072505
967,0.967,0.17777777777777778,1.0,0.0975609756097561,11.056173370522963,7.932617187593138
968,0.968,0.17777777777777778,1.0,0.0975609756097561,11.056206807728074,8.24511718759311
969,0.969,0.17777777777777778,1.0,0.0975609756097561,11.331455894596164,8.55761718759311
970,0.97,0.17777777777777778,1.0,0.0975609756097561,11.291416832096164,8.51757812509311
971,0.971,0.17777777777777778,1.0,0.0975609756097561,11.601540612716143,8.830078125005938
972,0.972,0.17777777777777778,1.0,0.0975609756097561,11.561501550216144,8.790039062505938
973,0.973,0.17777777777777778,1.0,0.0975609756097561,11.561786253714393,9.102539062505938
974,0.974,0.17777777777777778,1.0,0.0975609756097561,11.561786254358504,9.415039062501599
975,0.975,0.13636363636363635,1.0,0.07317073170731707,11.561786254358504,9.415039062501599
976,0.976,0.13636363636363635,1.0,0.07317073170731707,11.561786254358504,9.415039062501599
977,0.977,0.13636363636363635,1.0,0.07317073170731707,11.561786254358504,9.415039062501599
978,0.978,0.13636363636363635,1.0,0.07317073170731707,11.561786254358504,9.415039062501599
979,0.979,0.09302325581395349,1.0,0.04878048780487805,11.872194738444666,9.727539062501597
980,0.98,0.09302325581395349,1.0,0.04878048780487805,12.493011706616986,10.040811757238046
981,0.981,0.09302325581395349,1.0,0.04878048780487805,12.493011706616986,10.040811757238046
982,0.982,0.09302325581395349,1.0,0.04878048780487805,12.530267838943226,10.665811757238046
983,0.983,0.09302325581395349,1.0,0.04878048780487805,12.79989623519816,10.977539062501599
984,0.984,0.0,0.0,0.0,12.837149068384637,11.602539057742227
985,0.985,0.0,0.0,0.0,12.837149068384637,11.602539057742227
986,0.986,0.0,0.0,0.0,12.837149068384637,11.602539057742227
987,0.987,0.0,0.0,0.0,12.837149068384637,11.602539057742227
988,0.988,0.0,0.0,0.0,12.837149068384637,11.602539057742227
989,0.989,0.0,0.0,0.0,12.837433771882875,11.602539317594736
990,0.99,0.0,0.0,0.0,12.837433771882875,11.602539322354106
991,0.991,0.0,0.0,0.0,12.852254357250864,11.915039322354106
992,0.992,0.0,0.0,0.0,12.812499998249116,12.187500259854104
993,0.993,0.0,0.0,0.0,12.812499998249125,12.500000000001595
994,0.994,0.0,0.0,0.0,12.812499998249125,12.500000000001595
995,0.995,0.0,0.0,0.0,12.812499999999998,12.812499999999998
996,0.996,0.0,0.0,0.0,12.812499999999998,12.812499999999998
997,0.997,0.0,0.0,0.0,12.812499999999998,12.812499999999998
998,0.998,0.0,0.0,0.0,12.812499999999998,12.812499999999998
999,0.999,0.0,0.0,0.0,12.812499999999998,12.812499999999998
1000,1.0,0.0,0.0,0.0,12.812499999999998,12.812499999999998
1001,1.0010000000000001,0.0,0.0,0.0,12.812499999999998,12.812499999999998
1002,1.002,0.0,0.0,0.0,12.812499999999998,12.812499999999998
1003,1.0030000000000001,0.0,0.0,0.0,12.812499999999998,12.812499999999998
1004,1.004,0.0,0.0,0.0,12.812499999999998,12.812499999999998
1005,1.0050000000000001,0.0,0.0,0.0,12.812499999999998,12.812499999999998
1006,1.006,0.0,0.0,0.0,12.812499999999998,12.812499999999998
1007,1.0070000000000001,0.0,0.0,0.0,12.812499999999998,12.812499999999998
1008,1.008,0.0,0.0,0.0,12.812499999999998,12.812499999999998
1009,1.0090000000000001,0.0,0.0,0.0,12.812499999999998,12.812499999999998
